"Data Source","Jobs",

"Last Updated Date","2025-07-01",

"Country Name","Country Code","Indicator Name","Indicator Code","1990","1991","1992","1993","1994","1995","1996","1997","1998","1999","2000","2001","2002","2003","2004","2005","2006","2007","2008","2009","2010","2011","2012","2013","2014","2015","2016",
"Aruba","ABW","Inflation, consumer prices (annual %)","FP.CPI.TOTL.ZG","5.836687752","5.555555556","3.87337537","5.21555996","6.311079713","3.361391073","3.225287972","2.999948098","1.869488536","2.280371983","4.044021312","2.883604303","3.315774991","3.657376581","2.529938059","3.395625246","3.608711459","5.39120264","8.957732188","-2.136371573","2.07773902","4.374595795","0.571755528","-2.37226328","0.420998172","0.476485008","-0.893020019",
"Afghanistan","AFG","Inflation, consumer prices (annual %)","FP.CPI.TOTL.ZG","","","","","","","","","","","","","","","","12.68626872","7.254895561","8.482889268","30.55494061","-8.283078395","0.892536936","10.20166014","7.218257761","7.654316567","4.604334009","-1.533846583","2.169452176",
"Angola","AGO","Inflation, consumer prices (annual %)","FP.CPI.TOTL.ZG","","83.60833333","299.0605002","1379.414274","948.8111888","2671.792072","4145.107647","219.1767212","107.2848215","248.1959024","324.9968716","152.5610225","108.8974361","98.2237177","43.54194725","22.96374444","13.30325336","12.24867552","12.47371341","13.73145114","14.4705412","13.46701535","10.29349433","8.776090933","7.279561541","10.27932672","34.7361593",
"Albania","ALB","Inflation, consumer prices (annual %)","FP.CPI.TOTL.ZG","","","226.0054213","85.00475124","22.56505269","7.793218538","12.72547781","33.18027438","20.64285887","0.389437654","0.050018136","3.10758827","7.770525834","0.484002612","2.280019169","2.366581957","2.370728319","2.932682482","3.359242418","2.280502222","3.552267388","3.450347153","2.03159594","1.937617549","1.631777988","1.910016978","1.282798834",
"Andorra","AND","Inflation, consumer prices (annual %)","FP.CPI.TOTL.ZG","","","","","","","","","","","","","","","","","","","","","","","","","","","",
"Arab World","ARB","Inflation, consumer prices (annual %)","FP.CPI.TOTL.ZG","8.451462408","9","9.35975159","9.37034416","5.112598904","6.543790685","4.681306239","3.6011610325","3.41731949","2.6693736905","1.8537903535","1.772204374","1.83299389","2.712592475","3.63228005","3.493685346","3.842341256","4.965976546","11.27066524","2.920897118","3.950078759","4.753163889","4.520361629","3.1926276095","2.670525554","1.696950405","2.76846605",
"United Arab Emirates","ARE","Inflation, consumer prices (annual %)","FP.CPI.TOTL.ZG","","","","","","","","","","","","","","","","","","","12.25042024","1.559800981","0.878936756","0.876836633","0.66427897","1.09948371","2.34582837","4.068834375","1.617876882",
"Argentina","ARG","Inflation, consumer prices (annual %)","FP.CPI.TOTL.ZG","2313.964663","171.6716965","24.8999486","10.6114941","4.177347244","3.37611685","0.155695901","0.527258257","0.920336467","-1.16689547","-0.935939412","-1.066635508","25.86849787","13.44284929","4.415717923","9.639399546","10.90112453","8.831412989","8.584013752","6.282774315","10.78011543","9.465686275","10.03025902","10.61943301","","","",
"Armenia","ARM","Inflation, consumer prices (annual %)","FP.CPI.TOTL.ZG","","","","","3373.474139","175.9513255","18.68118564","13.96076412","8.672486324","0.64824576","-0.790883769","3.145904647","1.060049293","4.721553366","6.961261359","0.642343268","2.892356625","4.407360896","8.949953354","3.406766827","8.181575544","7.651233638","2.5554709","5.793787917","2.980988073","3.726586028","-1.271210454",
"American Samoa","ASM","Inflation, consumer prices (annual %)","FP.CPI.TOTL.ZG","","","","","","","","","","","","","","","","","","","","","","","","","","","",
"Antigua and Barbuda","ATG","Inflation, consumer prices (annual %)","FP.CPI.TOTL.ZG","","","","","","","","","","1.121287896","0.771779797","1.402796636","2.407658013","1.993530552","2.030077579","2.098751967","1.787785374","1.416052594","5.333806398","-0.550159996","3.370025402","3.456749672","3.376880443","1.059497824","1.089441574","0.968993459","-0.489437796",
"Australia","AUS","Inflation, consumer prices (annual %)","FP.CPI.TOTL.ZG","7.272260054","3.222679913","0.985915493","1.813110181","1.894977169","4.638135783","2.6124197","0.250417362","0.853455454","1.465428277","4.475183076","4.380841121","3.00317105","2.770735241","2.343612335","2.668732782","3.538487339","2.332361516","4.352643242","1.82011224","2.845225682","3.303850156","1.762780156","2.449888641","2.487922705","1.508366722","1.276990945",
"Austria","AUT","Inflation, consumer prices (annual %)","FP.CPI.TOTL.ZG","3.262322144","3.334348356","4.029762782","3.625805538","2.959065127","2.250099562","1.843557287","1.308321332","0.921274845","0.56240939","2.395185512","2.663440722","1.802101999","1.355541125","2.061228151","2.304765879","1.449618451","2.168599053","3.21592066","0.506312509","1.813535031","3.266938912","2.485675087","2.000157493","1.605805605","0.896567005","0.891590693",
"Azerbaijan","AZE","Inflation, consumer prices (annual %)","FP.CPI.TOTL.ZG","","","-10.63009791","1128.000023","1662.215947","411.7596418","19.7948028","3.674348108","-0.772697895","-8.52517001","1.805003038","1.547195911","2.771164714","2.233864933","6.708930421","9.679507327","8.374063195","16.59536673","20.79157914","1.401056148","5.667923129","7.850450579","1.014109821","2.381443661","1.385028931","4.171965726","4.179993538",
"Burundi","BDI","Inflation, consumer prices (annual %)","FP.CPI.TOTL.ZG","7.002169567","8.996938735","1.823333333","9.679346581","14.85281498","19.26325364","26.43678161","31.11158983","12.50041077","3.385424273","24.31768096","9.242971751","-1.370974453","10.76166973","7.851688218","13.52367836","2.809014978","8.342032406","24.10735481","10.98146877","6.401249024","9.735019199","18.01281606","7.950674328","4.379840041","5.554204168","5.538485174",
"Belgium","BEL","Inflation, consumer prices (annual %)","FP.CPI.TOTL.ZG","3.452823015","3.208551968","2.429913623","2.753963029","2.377798575","1.466813864","2.058919327","1.627459314","0.954442586","1.118421053","2.54463963","2.474444836","1.641900569","1.592816533","2.091938708","2.784303489","1.79094071","1.824988301","4.4921875","-0.054975261","2.189218922","3.531058241","2.838723095","1.11223458","0.34","0.558102452","1.972249752",
"Benin","BEN","Inflation, consumer prices (annual %)","FP.CPI.TOTL.ZG","","","","0.440599215","38.53086617","14.46254822","4.914239726","3.466295906","5.753314584","0.326722893","4.165404423","3.984295478","2.489162355","1.487242461","0.873890831","5.364520858","3.782176965","1.298068133","7.947298761","2.156829962","2.307356822","2.71280052","6.753123517","0.971851852","-1.085744469","0.320398718","-0.93003312",
"Burkina Faso","BFA","Inflation, consumer prices (annual %)","FP.CPI.TOTL.ZG","-0.504303389","2.162600527","-1.991135807","0.553455724","25.17787622","7.458844978","6.097804391","2.318690622","5.084333441","-1.072613628","-0.304212168","5.007432908","2.175694807","2.034565741","-0.400228702","6.415040184","2.333108564","-0.230627306","10.6597979","2.608176664","-0.764230735","2.759767249","3.818152403","0.533738507","-0.258089518","0.954993317","-0.247073221",
"Bangladesh","BGD","Inflation, consumer prices (annual %)","FP.CPI.TOTL.ZG","6.12671847","6.357364123","3.634076918","3.0148186","5.313740079","10.29781179","2.37712903","5.305601057","8.402237956","6.106695898","2.208256209","2.007173742","3.332564933","5.668707734","7.587536385","7.046618162","6.765261171","9.106984969","8.901944895","5.423472362","8.126676392","10.7048046","6.21818237","7.529972823","6.991165327","6.19428023","5.513525727",
"Bulgaria","BGR","Inflation, consumer prices (annual %)","FP.CPI.TOTL.ZG","23.8","338.4491115","91.29793273","72.87879139","96.05733827","62.05483368","121.6075","1058.373852","18.67225979","2.573009064","10.3162598","7.360950516","5.810130513","2.157107037","6.346133143","5.038843534","7.261613313","8.402486753","12.34877209","2.753172487","2.438990605","4.219903466","2.954568298","0.890093541","-1.418122662","-0.104872333","-0.79852306",
"Bahrain","BHR","Inflation, consumer prices (annual %)","FP.CPI.TOTL.ZG","0.929335437","0.764419736","-0.172413793","2.538860104","0.816910898","2.704034751","-0.452227383","2.43155134","-0.366533865","-1.287587972","-0.704852953","-1.207571802","-0.495540139","1.593625498","2.352941176","2.586206897","2.007469655","3.256666667","3.526003164","2.795512836","1.961884683","-0.36444775","2.754553598","3.305484926","2.651195499","1.835993697","2.798520013",
"Bahamas, The","BHS","Inflation, consumer prices (annual %)","FP.CPI.TOTL.ZG","4.66931912","7.114681202","5.738198862","2.72289767","1.399334237","2.066994954","1.379137412","0.544150383","1.336613366","1.25424826","1.606329417","2.044989775","2.173577925","3.025045263","0.981914037","1.591606181","2.389826274","2.492577949","4.489559954","2.062734735","1.344027384","3.198781417","1.984598107","0.346878097","1.504464399","1.870807743","-0.34637693",
"Bosnia and Herzegovina","BIH","Inflation, consumer prices (annual %)","FP.CPI.TOTL.ZG","","","","","","","","","","","","","","","","","6.125","1.515508441","7.416856492","-0.390194249","2.188537852","3.641666667","2.082495779","-0.086641462","-0.914465905","-0.851300819","-1.251444391",
"Belarus","BLR","Inflation, consumer prices (annual %)","FP.CPI.TOTL.ZG","","","","1190.232999","2221.016806","709.3460398","52.71207699","63.93736625","72.86971714","293.6787508","168.6202359","61.13493312","42.53754813","28.39783993","18.10824248","10.33887946","7.033029285","8.421500392","14.83787648","12.94565634","7.735748043","53.22869831","59.21973602","18.31226104","18.11955435","13.53448976","11.83658077",
"Belize","BLZ","Inflation, consumer prices (annual %)","FP.CPI.TOTL.ZG","3.05907173","0.761951501","2.39670073","1.472596947","2.569343046","2.889615844","5.965020975","1.149037568","2.1952625","2.621395246","3.067439669","3.651417866","4.240266607","2.318082747","6.394430997","-1.104310444","-7.113767713","2.318082746","6.394431003","-1.104310449","0.917977379","1.602056156","1.300606735","0.509747769","1.201399645","-0.885281552","",
"Bermuda","BMU","Inflation, consumer prices (annual %)","FP.CPI.TOTL.ZG","","","","","","","","","","","","","","","","","","","","","","","","","","","",
"Bolivia","BOL","Inflation, consumer prices (annual %)","FP.CPI.TOTL.ZG","17.1187746","21.44706982","12.0603236","8.527876957","7.874044215","10.19320676","12.42548662","4.70844436","7.673228957","2.159516268","4.608229989","1.589653779","0.928258852","3.337274997","4.437380801","5.393231069","4.285549266","8.706247231","14.00040758","3.349369826","2.501767027","9.812689841","4.586374696","5.715580098","5.783563722","4.060963726","3.625239368",
"Brazil","BRA","Inflation, consumer prices (annual %)","FP.CPI.TOTL.ZG","2947.73293","432.7846016","951.6484599","1927.983498","2075.887182","66.00787631","15.7574361","6.925316945","3.198591891","4.857966241","7.044702451","6.837830757","8.450220696","14.71532583","6.599124847","6.86734958","4.183680532","3.637027934","5.663098519","4.886408444","5.038316946","6.636198657","5.40196475","6.201899613","6.332092342","9.027601288","8.739478523",
"Barbados","BRB","Inflation, consumer prices (annual %)","FP.CPI.TOTL.ZG","3.074572711","6.257526633","6.09389303","1.113439336","0.077204388","1.878862794","2.386152228","7.71053879","-1.268886607","1.560062402","2.435813035","2.577834904","0.125249458","1.619433198","1.394422311","6.082187295","7.307662628","4.034229829","8.108108108","3.643861893","5.824218533","9.432202402","4.533347539","1.804005504","1.887170246","-1.061216469","",
"Brunei Darussalam","BRN","Inflation, consumer prices (annual %)","FP.CPI.TOTL.ZG","2.138662932","1.6","1.279527559","4.25170068","2.462518449","5.966641395","1.99613651","1.711560045","-0.44137931","-0.415627598","1.558152476","0.595890411","-2.314972425","0.3","0.814223995","1.244437119","0.159888078","0.96777412","2.084980237","1.035717743","0.356869132","2.015934385","0.464102858","0.383263086","-0.194426292","-0.423925668","-0.732323022",
"Bhutan","BTN","Inflation, consumer prices (annual %)","FP.CPI.TOTL.ZG","10","12.28070175","15.98011364","11.20636865","6.99339207","9.495625322","8.789659224","6.513285807","10.57702059","6.77732942","4.01099373","3.410404624","2.483430488","1.566152408","-18.10863013","5.311513063","5.00045438","5.156111388","8.327160494","4.361122191","7.036383161","8.848985699","10.91965694","7.006666667","8.206545146","4.521708543","4.377452663",
"Botswana","BWA","Inflation, consumer prices (annual %)","FP.CPI.TOTL.ZG","11.39634612","11.76501608","16.1676124","14.33080334","10.54292099","10.51254608","10.08285807","8.719931271","6.661398657","7.749296192","8.601485149","6.55903767","8.032796625","9.189902656","6.945703637","8.610225285","11.55521879","7.080998472","12.70218839","8.027297031","6.948876587","8.458165875","7.540284094","5.883888483","4.40313594","3.060357042","3.769304598",
"Central African Republic","CAF","Inflation, consumer prices (annual %)","FP.CPI.TOTL.ZG","-0.012330456","-2.762362807","-1.033608117","-2.915358493","24.57101373","19.18940397","3.724941103","1.611313478","-1.885200962","-1.414202201","3.203400916","3.834860602","2.331817035","4.134709052","-2.066406011","2.883520734","6.695264658","0.92841211","9.272618503","3.5199021","1.493233784","1.300569969","5.772250594","1.501845124","25.28281065","37.14221481","",
"Canada","CAN","Inflation, consumer prices (annual %)","FP.CPI.TOTL.ZG","4.764688688","5.615234375","1.505845056","1.84136899","0.185279836","2.168229067","1.570531125","1.621216381","0.995942457","1.734842951","2.719439957","2.52512014","2.258394409","2.758563214","1.857258719","2.213552034","2.002025395","2.138383993","2.370270674","0.299466803","1.776871541","2.912135089","1.515678231","0.938291898","1.906635907","1.125241361","1.428759547",
"Switzerland","CHE","Inflation, consumer prices (annual %)","FP.CPI.TOTL.ZG","5.378739656","5.879391926","4.041076353","3.271796746","0.85840708","1.798718961","0.818824341","0.52150124","0.017009696","0.824829932","1.543392089","0.9890204","0.642699253","0.63834928","0.802903084","1.171971667","1.05877759","0.732636421","2.426637033","-0.48057991","0.698510114","0.23134621","-0.692544621","-0.217319662","-0.013186044","-1.143915069","-0.434632563",
"Channel Islands","CHI","Inflation, consumer prices (annual %)","FP.CPI.TOTL.ZG","","","","","","","","","","","","","","","","","","","","","","","","","","","",
"Chile","CHL","Inflation, consumer prices (annual %)","FP.CPI.TOTL.ZG","26.0364778","21.78441991","15.42580328","12.72776141","11.44312436","8.232633546","7.359114663","6.133866515","5.110244133","3.336882862","3.843273473","3.569101134","2.489398331","2.810177259","1.054739332","3.052573943","3.392018991","4.407797905","8.716268548","0.071761556","1.409964751","3.340318008","3.006520356","1.791710733","4.395","4.348867283","3.786661771",
"China","CHN","Inflation, consumer prices (annual %)","FP.CPI.TOTL.ZG","3.052290121","3.556685652","6.35398134","14.61007864","24.25734106","16.78945197","8.312847152","2.787113448","-0.849543449","-1.358514164","0.256518286","0.719808092","-0.766719454","1.164517601","3.888815681","1.813995156","1.46607832","4.767210585","5.843024243","-0.700630985","3.325774987","5.410918114","2.643051771","2.62808601","2.000344887","1.437024514","2",
"Cote d'Ivoire","CIV","Inflation, consumer prices (annual %)","FP.CPI.TOTL.ZG","-0.805879698","1.683348499","4.231383829","2.16471454","26.08157199","14.29506909","2.480806692","4.020833333","4.611447595","0.702375806","2.530775167","4.36152914","3.077264852","3.29680747","1.457988356","3.885830399","2.467191486","1.892006293","6.308527692","1.019504577","1.226456121","4.912433951","1.304511199","2.581170373","0.45303046","1.237443262","0.726187589",
"Cameroon","CMR","Inflation, consumer prices (annual %)","FP.CPI.TOTL.ZG","1.099381284","0.060051331","-0.016055046","-3.206554569","35.09446185","9.069690719","3.924063727","4.786238819","3.170751854","1.871745007","1.22719013","4.419772459","2.834422601","0.623163557","0.23364738","2.013539502","5.11757816","0.921402246","5.337806276","3.043618479","1.275380462","2.939699463","2.942510001","1.945145275","1.947948268","2.685982772","0.8657672",
"Congo, Dem. Rep.","COD","Inflation, consumer prices (annual %)","FP.CPI.TOTL.ZG","81.29540481","2154.436827","4129.169857","1986.904762","23773.13177","541.9088832","492.4418502","198.5167074","29.14880692","284.8949759","513.9068437","359.9366143","31.5225826","12.87396572","3.994384008","21.31681672","13.05269497","16.94510065","17.30138457","2.8","7.1","15.31651591","9.721828063","1.632925411","","","",
"Congo, Rep.","COG","Inflation, consumer prices (annual %)","FP.CPI.TOTL.ZG","2.889053742","-1.67834969","-3.935468101","4.923664122","42.43967503","9.418007435","10.03112033","","","4.142671373","-0.881991517","0.055989922","4.378759718","-0.631844987","2.42976608","3.094490115","6.537843953","2.656413243","7.334245387","7.454453074","0.425560659","0.760072644","6.094793057","6.008934751","0.077160494","4.514036066","",
"Colombia","COL","Inflation, consumer prices (annual %)","FP.CPI.TOTL.ZG","29.14547055","30.3738164","27.02259553","22.43841317","22.84786022","20.89346612","20.79800807","18.4681276","18.67620156","10.87474413","9.221133432","7.968468049","6.350125349","7.131186269","5.904678173","5.048116153","4.296333435","5.543753935","6.996990766","4.202933108","2.278220158","3.411616121","3.176934374","2.022774948","2.877810251","5.005030657","7.517452808",
"Comoros","COM","Inflation, consumer prices (annual %)","FP.CPI.TOTL.ZG","","","","","","","","","","","","5.554593948","3.533042143","3.799081367","4.474992891","3.013323951","3.374363601","4.466167101","1.700781763","4.362348293","3.354757703","1.771363774","1.768907098","2.297303022","0.578747502","-8.11516927","",
"Cabo Verde","CPV","Inflation, consumer prices (annual %)","FP.CPI.TOTL.ZG","10.65350579","9.550907413","3.116664327","5.788395904","3.45205833","8.35152498","5.963619618","8.556062581","4.3942351","4.356433745","-2.477456685","3.349964723","1.884534101","1.188170386","-1.890821723","0.418891613","5.369076871","4.410997042","6.782768103","0.983222786","2.078664709","4.473883422","2.543293964","1.512153759","-0.243630795","0.132579722","-1.407665505",
"Costa Rica","CRI","Inflation, consumer prices (annual %)","FP.CPI.TOTL.ZG","19.04418009","28.70932083","21.78825425","9.781446442","13.5342451","23.18923671","17.52249457","13.23146987","11.66609348","10.04588377","10.99252429","11.22697551","9.164815792","9.44756481","12.31503093","13.79797528","11.47053071","9.357331387","13.42335635","7.843825841","5.660230651","4.883012481","4.504067692","5.224285869","4.515312677","0.79668498","-0.004186378",
"Cuba","CUB","Inflation, consumer prices (annual %)","FP.CPI.TOTL.ZG","","","","","","","","","","","","","","","","","","","","","","","","","","","",
"Curacao","CUW","Inflation, consumer prices (annual %)","FP.CPI.TOTL.ZG","","","","","","","","","","","","","","","","","","","","","","","","","","","",
"Cayman Islands","CYM","Inflation, consumer prices (annual %)","FP.CPI.TOTL.ZG","","","","","","","","","","","","","","","","","","","","","","","","","","","",
"Cyprus","CYP","Inflation, consumer prices (annual %)","FP.CPI.TOTL.ZG","4.502054629","5.035274388","6.510219531","4.854166667","4.698589311","2.61581788","2.978924865","3.605344444","2.227707327","1.63","4.141657647","1.977056383","2.801155052","4.139065387","2.286217068","2.558451986","2.495874931","2.372492743","4.669171081","0.374079976","2.381258363","3.289449396","2.389768958","-0.400053061","-1.354988854","-2.096997691","-1.429166667",
"Czech Republic","CZE","Inflation, consumer prices (annual %)","FP.CPI.TOTL.ZG","","","","","9.963985594","9.170305677","8.8","8.547794118","10.62658764","2.143130501","3.902835019","4.705811647","1.7850993","0.107708792","2.82727114","1.846170702","2.528104997","2.927443471","6.350986289","1.044811886","1.408717924","1.936389149","3.299073139","1.434726602","0.337186898","0.344782438","0.639352818",
"Germany","DEU","Inflation, consumer prices (annual %)","FP.CPI.TOTL.ZG","","","5.077330077","4.434976276","2.744552619","1.723671149","1.446061036","1.880192392","0.935622318","0.569776342","1.471334348","1.983856851","1.420806713","1.034223392","1.665736088","1.546910755","1.577429241","2.29834058","2.628383067","0.312737723","1.103808561","2.075172931","2.008491182","1.504722267","0.906797035","0.234429945","0.483355422",
"Djibouti","DJI","Inflation, consumer prices (annual %)","FP.CPI.TOTL.ZG","","","","","","","","","","","","1.74665225","0.637619554","1.981967346","3.122262047","3.104966401","3.483406997","4.965976546","11.95862069","1.675495873","3.950078759","5.068713948","3.731209508","2.420593208","1.341864943","-0.847389734","2.738412087",
"Dominica","DMA","Inflation, consumer prices (annual %)","FP.CPI.TOTL.ZG","3.190923232","5.557061534","5.471825593","1.569026042","0.015136735","1.317537458","1.677164505","2.436297155","0.999147458","1.179477874","0.856946805","1.303894035","0.17005533","1.453368004","2.394109821","1.681900799","2.592820909","3.237836144","6.334754545","0.029933034","3.20744344","2.387630979","1.356771478","-0.046411647","0.799139764","-0.786338877","0.231336293",
"Denmark","DNK","Inflation, consumer prices (annual %)","FP.CPI.TOTL.ZG","2.652716128","2.367960465","2.101981293","1.250985028","1.994357428","2.098435712","2.111360239","2.1957914","1.853178156","2.478685066","2.924779141","2.35","2.426314932","2.090620032","1.16016507","1.808805419","1.890073335","1.714031313","3.399474759","1.326372231","2.297730121","2.758682261","2.397914857","0.78907178","0.56402054","0.452034154","0.25",
"Dominican Republic","DOM","Inflation, consumer prices (annual %)","FP.CPI.TOTL.ZG","50.46247924","47.07915741","4.259026389","5.250338807","8.260767986","12.53595946","5.39929385","8.296567548","4.831665586","6.470541868","7.724135662","8.883068488","5.223367698","27.44971274","51.46085983","4.190202605","7.572805239","6.143566552","10.6446211","1.442151318","6.329932201","8.46016881","3.694524905","4.830950967","2.998642261","0.836746347","1.614166072",
"Algeria","DZA","Inflation, consumer prices (annual %)","FP.CPI.TOTL.ZG","16.65253439","25.88638693","31.66966191","20.54032612","29.04765612","29.77962649","18.67907586","5.733522754","4.950161638","2.645511134","0.339163189","4.225988349","1.418301923","4.268953958","3.961800303","1.382446567","2.314524087","3.673827269","4.862990528","5.734333414","3.913043478","4.521764663","8.894585294","3.253684177","2.916406413","4.784976963","6.397714109",
"East Asia & Pacific (excluding high income)","EAP","Inflation, consumer prices (annual %)","FP.CPI.TOTL.ZG","8.19137132","6.965681278","7.52573572","5.7369058335","7.6514890145","5.818181818","7.3134825935","5.608028434","8.6148315365","4.2907285175","2.0271403665","4.8090861005","3.5279559985","4.172747778","4.534213741","6.349255065","5.095166617","5.577063932","9.776585195","3.214695752","3.789836348","5.410918114","3.172085646","2.997694081","3.855238553","1.370823273","2.063829787",
"East Asia & Pacific","EAS","Inflation, consumer prices (annual %)","FP.CPI.TOTL.ZG","7.812677403","6.49734556","6.306306306","4.8599385075","5.6499089395","4.638135783","5.52480986","3.7276576015","5.4910118035","1.9838242725","1.5750608255","3.746018239","2.691859699","2.770735241","3.23751394","2.960865088","3.700086806","4.522297607","7.732278579","1.472343114","3.247588424","5.252918288","3.02","2.909178822","2.761954083","1.276227705","1.638072033",
"Europe & Central Asia (excluding high income)","ECA","Inflation, consumer prices (annual %)","FP.CPI.TOTL.ZG","","","","","307.6344092","125.412427385","39.18254237","17.40804106","10.57716115","22.68367181","18.70073428","8.995238545","5.823527517","5.179677819","6.961261359","8.247090431","7.261613313","8.421500392","12.34877209","3.466723732","6.419565094","7.651233638","3.317185846","3.985359902","2.980988073","4.003578207","1.282798834",
"Europe & Central Asia","ECS","Inflation, consumer prices (annual %)","FP.CPI.TOTL.ZG","","","","5.678058626","10.92278719","9.053681392","8.196219484","5.538972981","4.658303933","2.333138905","3.902835019","4.278546995","2.786159883","2.233864933","2.863059555","2.600957461","3.1928859425","2.9300629765","6.0715627705","1.5080803945","2.3902580255","3.779038044","2.7908354335","1.7275666355","0.586269905","0.218021424","0.378856363",
"Ecuador","ECU","Inflation, consumer prices (annual %)","FP.CPI.TOTL.ZG","48.519113","48.80382775","54.34083601","45","27.44252874","22.88613303","24.37308869","30.64298008","36.09843316","52.24235091","96.09411369","37.67802094","12.48401857","7.929410005","2.742181329","2.407769783","3.034874293","2.276301235","8.400825434","5.157924","3.556123806","4.474553859","5.10065348","2.738631757","3.57312785","3.970219159","1.724430236",
"Egypt, Arab Rep.","EGY","Inflation, consumer prices (annual %)","FP.CPI.TOTL.ZG","16.75637471","19.74854482","13.63742417","12.08979229","8.154231286","15.7422305","7.187103697","4.625605788","3.872575464","3.079499126","2.683805353","2.269757205","2.73723855","4.507776363","11.27061933","4.869396969","7.644526445","9.318969058","18.31683168","11.76349544","11.26518827","10.0539169","7.11815562","9.42157654","10.14580055","10.35748965","13.81463839",
"Euro area","EMU","Inflation, consumer prices (annual %)","FP.CPI.TOTL.ZG","3.701983124","3.334348356","4.029762782","4.4556260075","4.129921816","4.123148338","2.978924865","2.161612308","2.227707327","1.655629139","2.846721116","2.787816211","2.461074837","2.112538768","2.22568082","2.489582068","2.675833333","2.510666229","4.075660764","0.374079976","1.529639382","3.289449396","2.485675087","1.374906203","0.241057543","0.037803733","0.183334861",
"Eritrea","ERI","Inflation, consumer prices (annual %)","FP.CPI.TOTL.ZG","","","","","","","","","","","","","","","","","","","","","","","","","","","",
"Spain","ESP","Inflation, consumer prices (annual %)","FP.CPI.TOTL.ZG","6.717940458","5.935326449","5.925723648","4.568636022","4.718467624","4.674753058","3.558506581","1.970708492","1.83353706","2.310672196","3.43261428","3.591100876","3.066777271","3.03988488","3.037486218","3.369714479","3.515374911","2.787030473","4.075660764","-0.287996835","1.79988133","3.196146412","2.446000185","1.408546292","-0.150870313","-0.500461321","-0.202671741",
"Estonia","EST","Inflation, consumer prices (annual %)","FP.CPI.TOTL.ZG","","","","89.81194903","47.65469062","28.77661372","23.05034335","10.58187893","8.208333333","3.296110897","4.019980616","5.745330486","3.57128333","1.338289476","3.048071707","4.089689921","4.42991487","6.597638594","10.36560303","-0.084776494","2.975580329","4.977614784","3.934921578","2.788496796","-0.144815519","-0.456766653","0.149108978",
"Ethiopia","ETH","Inflation, consumer prices (annual %)","FP.CPI.TOTL.ZG","5.152481242","35.72259823","10.52744401","3.543065962","7.593876002","10.02217336","-8.484248689","2.395209581","0.894801694","7.941448641","0.662458109","-8.237844534","1.653729328","17.7622842","3.256272907","12.94487921","12.31","17.23800196","44.39128123","8.468335788","8.136941131","33.22421525","22.77046088","8.078472326","7.39181448","10.13411465","7.266076144",
"European Union","EUU","Inflation, consumer prices (annual %)","FP.CPI.TOTL.ZG","6.29958393","5.935326449","5.077330077","4.6083147115","4.7085284675","4.2748969205","3.3396020745","2.65393466","2.4060646895","2.168078339","3.1567271685","3.1517294265","2.3074027065","2.0998468855","2.255948944","2.483518232","2.601969165","2.6336949725","4.204766653","0.950366","1.669887361","3.309659785","2.7187690445","1.3876899465","0.2205662005","-0.0585336105","0.2166674305",
"Finland","FIN","Inflation, consumer prices (annual %)","FP.CPI.TOTL.ZG","6.10289523","4.115953409","2.601973477","2.101071975","1.085913127","0.985221675","0.616615282","1.195031056","1.399130883","1.159265049","3.367666887","2.56623896","1.562144598","0.877438551","0.187123375","0.861059229","1.566666667","2.510666229","4.065951657","0.00061529","1.210357625","3.416809034","2.808332326","1.478288133","1.041200006","-0.207164371","0.3569705",
"Fiji","FJI","Inflation, consumer prices (annual %)","FP.CPI.TOTL.ZG","8.19137132","6.49734556","4.883022716","5.206589252","0.816666667","2.165647214","3.050161812","3.368140064","5.711681604","1.96867366","1.0921646","4.272670245","0.762032086","4.172747778","2.827485194","2.365764538","2.490836388","4.803706413","7.732278579","3.214695752","3.680014831","7.286544479","3.408333333","2.909178822","0.540328896","1.370823273","3.864771418",
"France","FRA","Inflation, consumer prices (annual %)","FP.CPI.TOTL.ZG","3.380057194","3.216934745","2.365765038","2.106010412","1.660872924","1.778115502","2.004778228","1.221995927","0.595238095","0.533377781","1.699411423","1.630257581","1.916907283","2.109073739","2.134874759","1.735587081","1.68372645","1.488073528","2.813915043","0.088084169","1.529639382","2.117486809","1.9556855","0.86360693","0.507700673","0.037803733","0.183334861",
"Faroe Islands","FRO","Inflation, consumer prices (annual %)","FP.CPI.TOTL.ZG","","","","","","","","","","","","","","","","","","","","","","","","","","","",
"Micronesia, Fed. Sts.","FSM","Inflation, consumer prices (annual %)","FP.CPI.TOTL.ZG","","","","","","","","","","","","","","","","","","","","","","","","","","","",
"Gabon","GAB","Inflation, consumer prices (annual %)","FP.CPI.TOTL.ZG","7.725321888","-11.68611269","-9.542913303","0.533746556","36.1162457","9.646531041","0.689693377","3.973450075","1.448738543","-1.936603976","0.504920026","2.137620527","0.036682889","2.235353136","0.408205307","3.708333333","-1.409401366","5.030318837","5.264301456","1.885707546","1.461544027","1.269343222","2.661784381","0.480142671","4.655607891","-0.298498343","2.106707128",
"United Kingdom","GBR","Inflation, consumer prices (annual %)","FP.CPI.TOTL.ZG","6.972683049","7.532649254","4.261548471","2.50650026","1.97849026","2.656452094","2.481100989","1.777945905","1.588923992","1.335406567","0.785269429","1.23589468","1.256192498","1.362921545","1.344595759","2.049668311","2.333527794","2.321035915","3.613498886","2.166231372","3.285714286","4.484239645","2.821709747","2.554546687","1.460191609","0.050020842","0.641613199",
"Georgia","GEO","Inflation, consumer prices (annual %)","FP.CPI.TOTL.ZG","","","","","","162.7171522","39.3575","7.087617629","3.566807813","19.19267582","4.063962014","4.646044421","5.5878373","0.837734532","5.656326362","8.247090431","9.161060064","9.244956705","9.999415709","1.727514611","7.110178975","8.542933333","-0.943658853","-0.512058411","3.068812104","4.003578207","2.134927139",
"Ghana","GHA","Inflation, consumer prices (annual %)","FP.CPI.TOTL.ZG","37.25906649","18.03143901","10.05611674","24.95984247","24.87025544","59.4615537","46.56101968","27.88520864","14.62416667","12.40866891","25.19321937","32.9054089","14.81624006","26.67494973","12.62457406","15.11818572","10.91516997","10.73272807","16.52214331","19.25071443","10.70756812","8.726836831","9.160778311","11.60833333","15.49316807","17.1450737","17.47392384",
"Gibraltar","GIB","Inflation, consumer prices (annual %)","FP.CPI.TOTL.ZG","","","","","","","","","","","","","","","","","","","","","","","","","","","",
"Guinea","GIN","Inflation, consumer prices (annual %)","FP.CPI.TOTL.ZG","","","","","","","","","","","","","","","","31.37330259","34.6952706","22.84442192","18.38406459","4.68438869","15.46198107","21.35046642","15.22455748","11.88842377","9.713977334","8.151969734","8.129877159",
"Gambia, The","GMB","Inflation, consumer prices (annual %)","FP.CPI.TOTL.ZG","12.16778411","8.64234326","9.486542506","6.463804228","1.710206323","6.980974418","1.099488708","2.7812279","1.114188412","3.812372054","0.844969567","4.492596092","8.609124744","17.03286654","14.20674328","4.838621775","2.056503425","5.369134737","4.44365491","4.561581547","5.048936576","4.796484979","4.254534775","5.699730297","5.947374922","6.808721148","7.220092431",
"Guinea-Bissau","GNB","Inflation, consumer prices (annual %)","FP.CPI.TOTL.ZG","33.00197783","57.59528475","69.5836364","48.10816607","15.17634743","45.36530836","50.73405496","49.10092358","8.01375519","-2.086305132","8.636320949","3.348122655","3.300121753","-3.502585511","0.883302697","3.329199228","1.954737176","4.617437722","10.46007314","-1.651397336","2.517851402","5.046102263","2.130545803","1.207125557","-1.509244606","1.404608873","1.694338806",
"Equatorial Guinea","GNQ","Inflation, consumer prices (annual %)","FP.CPI.TOTL.ZG","0.857871551","-3.425287356","-4.278743156","5.452284737","31.84101684","19.87243495","4.540727715","3.016505407","7.935710698","0.37226617","4.802288869","8.825389259","7.592478498","7.323543994","4.219687871","5.631633514","4.415899842","2.803738318","6.551766912","4.691065677","7.78916548","4.805389222","3.656620483","2.948876946","4.309998661","1.668163737","1.419916698",
"Greece","GRC","Inflation, consumer prices (annual %)","FP.CPI.TOTL.ZG","20.40457344","19.47285123","15.86589902","14.41449365","10.92278719","8.937057107","8.196219484","5.538972981","4.766225587","2.636782729","3.166082521","3.37396641","3.629362936","3.530650791","2.89884797","3.54507305","3.19594597","2.89500102","4.15279636","1.210073956","4.712981576","3.329870174","1.501519795","-0.921271918","-1.312242411","-1.735902366","-0.825657581",
"Grenada","GRD","Inflation, consumer prices (annual %)","FP.CPI.TOTL.ZG","2.724237365","2.644603679","3.778337531","2.808599168","3.770657673","1.868824753","2.032351721","1.24452783","1.377693304","0.577427639","2.181818182","3.140993052","-0.428006934","2.230087619","2.225019974","3.525018553","4.256049294","3.860670607","8.032255793","-0.309006161","3.436509059","3.033472803","2.41077704","-0.044228555","-0.946757299","-0.62154377","1.721291783",
"Greenland","GRL","Inflation, consumer prices (annual %)","FP.CPI.TOTL.ZG","","","","","","","","","","","","","","","","","","","","","","","","","","","",
"Guatemala","GTM","Inflation, consumer prices (annual %)","FP.CPI.TOTL.ZG","41.22186714","33.16642192","10.045918","11.81969017","10.85532115","8.411413123","11.05691653","9.232902949","6.613460705","5.213610586","5.977577347","7.285873666","8.132630543","5.603476754","7.578622473","9.108649857","6.560852828","6.821617536","11.35576113","1.859102547","3.859509098","6.215341763","3.78250024","4.343371313","3.418361697","2.388720328","4.448441999",
"Guam","GUM","Inflation, consumer prices (annual %)","FP.CPI.TOTL.ZG","","","","","","","","","","","","","","","","","","","","","","","","","","","",
"Guyana","GUY","Inflation, consumer prices (annual %)","FP.CPI.TOTL.ZG","","","","","","12.21052632","7.094711973","3.555670906","4.586466165","7.538219399","6.14854333","2.627413142","5.341015214","5.980978141","4.668466224","6.925543039","6.578572668","12.30442642","8.1004624","2.913358428","2.086666667","4.977735637","2.391935213","1.832450594","0.920769724","-0.95739682","0.738640603",
"High income","HIC","Inflation, consumer prices (annual %)","FP.CPI.TOTL.ZG","5.39795644","5.035274388","3.87337537","3.854299923","2.7730396685","3.159095662","2.4336266085","2.1859812925","1.861333346","1.655629139","2.54463963","2.54567955","2.0575836","2.0573399995","2.134874759","2.489582068","2.495874931","2.756723716","4.5448299425","1.2682230935","2.0198118515","3.375056942","2.709376573","1.4715603945","0.97603508","0.334308399","0.528651721",
"Hong Kong SAR, China","HKG","Inflation, consumer prices (annual %)","FP.CPI.TOTL.ZG","10.42654028","11.15879828","9.652509653","8.802816901","8.737864078","9.077380952","6.275579809","5.776636714","2.912621359","-4.009433962","-3.685503686","-1.658163265","-2.983138781","-2.673796791","-0.274725275","0.826446281","2.049180328","2.008032129","4.330708661","0.628930818","2.25","5.256723716","4.06504065","4.352678571","4.49197861","2.968270215","2.385685885",
"Honduras","HND","Inflation, consumer prices (annual %)","FP.CPI.TOTL.ZG","23.32256644","33.97226025","8.759886253","10.74864672","21.72934688","29.46452923","23.83783531","20.19986676","13.66810775","11.66374098","11.04803493","9.665749115","7.698865295","7.674166394","8.113790971","8.809060748","5.577752077","6.936214709","11.4062209","5.492025278","4.700549929","6.762279573","5.196186155","5.161898986","6.129249303","3.15783118","2.724612233",
"Heavily indebted poor countries (HIPC)","HPC","Inflation, consumer prices (annual %)","FP.CPI.TOTL.ZG","11.80401094","14.017611375","10.09896715","9.37034416","29.187619425","14.46254822","10.68099962","7.76914903","6.209041591","4.074176136","4.165404423","4.793181496","3.895705258","5.303566215","4.668466224","8.448726423","7.196736744","7.952209909","10.46007314","4.362348293","4.700549929","6.762279573","6.27090301","5.161898986","4.473006786","4.030032775","5.300786748",
"Croatia","HRV","Inflation, consumer prices (annual %)","FP.CPI.TOTL.ZG","500","122.2222222","625","1500","107.3275862","3.95010395","4.3","4.170661553","6.396686608","4.019138756","4.611315547","3.776702467","1.671784374","1.767337808","2.055396791","3.317178244","3.189825915","2.899282756","6.076968388","2.378528459","1.030555053","2.272727273","3.412073491","2.216582064","-0.21519616","-0.464499005","-1.1",
"Haiti","HTI","Inflation, consumer prices (annual %)","FP.CPI.TOTL.ZG","21.27603201","15.41990737","19.35849465","29.70597151","39.33161954","27.60818517","20.58359621","20.55900734","10.6343382","8.670957197","13.70772152","14.17328042","9.853443781","39.28144555","22.81171126","15.72864619","13.06571209","8.528784648","15.51967613","-0.014636278","5.696511023","8.411071041","6.279665496","5.853472722","4.566173531","9.016518813","13.83374255",
"Hungary","HUN","Inflation, consumer prices (annual %)","FP.CPI.TOTL.ZG","28.97015327","34.23400884","22.94980119","22.45105345","18.86639004","28.30287036","23.42814371","18.31412978","14.17506692","10.03092578","9.780586324","9.156272293","5.261540654","4.648457584","6.779959775","3.550808314","3.878312373","7.935008875","6.066157153","4.209189843","4.881345076","3.920735315","5.667639606","1.721102477","-0.222315061","-0.070282476","0.400742226",
"Indonesia","IDN","Inflation, consumer prices (annual %)","FP.CPI.TOTL.ZG","7.812677403","9.416131453","7.52573572","9.687785514","8.518497243","9.432054587","7.968480169","6.229896168","58.38708718","20.48911753","3.720024005","11.50209251","11.87875643","6.585719187","6.243520926","10.45195661","13.10941528","6.407448459","9.776585195","4.813524326","5.1327549","5.357499604","4.279511959","6.413386778","6.394925408","6.363121131","3.525805157",
"Isle of Man","IMN","Inflation, consumer prices (annual %)","FP.CPI.TOTL.ZG","","","","","","","","","","","","","","","","","","","","","","","","","","","",
"India","IND","Inflation, consumer prices (annual %)","FP.CPI.TOTL.ZG","8.971233545","13.87024609","11.78781925","6.362038664","10.21150033","10.22488756","8.977149075","7.16425362","13.2308409","4.669821024","4.009433962","3.684807256","4.392199745","3.805865922","3.76723848","4.246353323","6.145522388","6.369996746","8.351816444","10.87739112","11.99229692","8.857845297","9.312445605","10.90764331","6.649500151","4.906973441","4.941447235",
"Ireland","IRL","Inflation, consumer prices (annual %)","FP.CPI.TOTL.ZG","3.274111675","3.194888179","3.119790426","1.408775982","2.345707128","2.514463729","1.693075754","1.437210957","2.426878025","1.640271493","5.564830273","4.872354846","4.651952462","3.479883193","2.194873403","2.431540999","3.938894713","4.87992471","4.053506283","-4.47993767","-0.946166395","2.578870455","1.692784715","0.502678204","0.196785831","-0.294599018","0",
"Iran, Islamic Rep.","IRN","Inflation, consumer prices (annual %)","FP.CPI.TOTL.ZG","7.627674938","17.12856794","25.80772262","21.20263075","31.44702842","49.65598585","28.93734402","17.34922575","17.86613421","20.07070781","14.47675132","11.27424713","14.33593374","16.46801162","14.7615087","13.43311801","11.9395522","17.21304635","25.54984461","13.50026182","10.13714717","20.62833206","27.35738864","39.26636098","17.23535868","13.70579975","8.569717835",
"Iraq","IRQ","Inflation, consumer prices (annual %)","FP.CPI.TOTL.ZG","","180.952381","83.61581921","207.6923077","448.5","387.3108478","-16.11732575","23.06319968","14.76877356","12.57776234","4.978962132","16.3740815","19.3166946","33.6162106","26.96190682","36.95948092","53.23096291","-10.06749258","12.66285283","6.873615472","2.877747253","5.801455371","6.089096416","1.879498007","2.235974079","1.393330288","",
"Iceland","ISL","Inflation, consumer prices (annual %)","FP.CPI.TOTL.ZG","15.51071879","6.808779591","3.959330787","4.082794308","1.551158397","1.654753745","2.297245232","1.746998729","1.716725091","3.224749922","5.11872936","6.395392326","5.174353206","2.064839572","3.150849112","4","6.675824176","5.06366784","12.67818916","12.00581173","5.393595958","3.990412645","5.1952906","3.884644993","2.034999715","1.631284916","1.694700967",
"Israel","ISR","Inflation, consumer prices (annual %)","FP.CPI.TOTL.ZG","17.17334287","19.00595208","11.94801864","10.94394379","12.34226613","10.04302032","11.27662443","9.001150887","5.434843012","5.194455279","1.124841572","1.115838947","5.68743818","0.669536734","-0.413701804","1.326600199","2.114186498","0.51010202","4.597472385","3.325","2.69295911","3.459195493","1.70761176","1.525873129","0.475956015","-0.633122293","-0.544936284",
"Italy","ITA","Inflation, consumer prices (annual %)","FP.CPI.TOTL.ZG","6.49627263","6.3","5.079962371","4.476275739","4.027420737","5.244371225","3.974524284","2.04310552","1.962939698","1.655629139","2.519318302","2.787816211","2.461074837","2.676470588","2.21522009","1.999065857","2.06978661","1.821444594","3.375044061","0.750149177","1.539893392","2.741438213","3.04136253","1.219992129","0.241057543","0.03878675","-0.123335389",
"Jamaica","JAM","Inflation, consumer prices (annual %)","FP.CPI.TOTL.ZG","21.96017512","51.07109773","77.29659296","22.06994942","35.06339425","19.90874884","26.40665661","9.657552613","8.63189613","5.954239491","8.171083561","6.990623416","7.07746604","10.32207758","13.62567735","15.2960432","8.591976124","9.293255157","22.02092769","9.573787278","12.60950824","7.529692443","6.898248186","9.344402834","8.290005777","3.677171055","2.349420027",
"Jordan","JOR","Inflation, consumer prices (annual %)","FP.CPI.TOTL.ZG","16.19213756","8.155495979","3.995835606","3.316666667","3.516696241","2.353124513","6.501218027","3.037884203","3.091666667","0.606256568","0.666880926","1.772204374","1.83299389","1.63","3.361868215","3.493685346","6.251724667","5.386824032","14.92781501","-0.678178129","5.013941643","4.158333333","4.520361629","4.830067361","2.891566265","-0.872897594","-0.787514318",
"Japan","JPN","Inflation, consumer prices (annual %)","FP.CPI.TOTL.ZG","3.034708341","3.298059965","1.707358716","1.267416485","0.687940323","-0.123477116","0.131871755","1.761461849","0.663269433","-0.329449578","-0.653015156","-0.740055504","-0.923494027","-0.256541816","-0.008573388","-0.282946069","0.249355116","0.060039454","1.380078862","-1.35283673","-0.719979429","-0.267633601","-0.051939058","0.346440326","2.761954083","0.78951789","-0.116666667",
"Kazakhstan","KAZ","Inflation, consumer prices (annual %)","FP.CPI.TOTL.ZG","","","","","1877.372395","176.1552989","39.18254237","17.40804106","7.146326655","8.296027653","13.18089059","8.354137772","5.836924521","6.438218101","6.88205439","7.579999291","8.590816259","10.76867075","17.1519334","7.30635449","7.115813597","8.348569186","5.113708884","5.836702333","6.71830658","6.646187509","14.51024459",
"Kenya","KEN","Inflation, consumer prices (annual %)","FP.CPI.TOTL.ZG","17.78181443","20.08449558","27.33236445","45.9788813","28.81438943","1.554328161","8.864087416","11.36184505","6.722436508","5.742001095","9.980025154","5.738598143","1.961308217","9.81569063","11.62403554","10.31277836","14.45373421","9.75888023","26.23981664","9.234125924","3.961388891","14.0215499","9.378395851","5.71827408","6.877498097","6.582410917","6.297547502",
"Kyrgyz Republic","KGZ","Inflation, consumer prices (annual %)","FP.CPI.TOTL.ZG","","","","","","","31.94733772","23.43542785","10.45738258","37.03092584","18.70073428","6.919679894","2.134209863","2.974612952","4.110813735","4.354851339","5.561201869","10.17524134","24.5242075","6.898629424","7.967722256","16.49588472","2.687027306","6.606535722","7.534247298","6.503318391","0.421679458",
"Cambodia","KHM","Inflation, consumer prices (annual %)","FP.CPI.TOTL.ZG","","","","","","-0.798944338","7.150861409","7.960213978","14.80650354","4.008207021","-0.791992529","-0.6006483","3.225083615","1.210011336","3.924781663","6.349255065","6.143255757","7.66839343","24.99717885","-0.661307602","3.99623008","5.478587304","2.932724618","2.94260016","3.855238553","1.221270061","3.021957401",
"Kiribati","KIR","Inflation, consumer prices (annual %)","FP.CPI.TOTL.ZG","","","","","","","","","","","","","","","","","","","","","","","","","","","",
"St. Kitts and Nevis","KNA","Inflation, consumer prices (annual %)","FP.CPI.TOTL.ZG","4.010984078","4.323739444","2.858446725","1.794861464","1.442269588","2.956800251","2.086573852","8.905183391","3.44635866","3.363036304","2.148855327","2.303447483","2.041091026","2.235436644","2.314554622","3.37781904","8.467980332","4.513026439","5.338104135","2.034306199","0.50550031","5.835165196","0.816089282","1.10698554","0.247865392","-2.30187563","-0.690142376",
"Korea, Rep.","KOR","Inflation, consumer prices (annual %)","FP.CPI.TOTL.ZG","8.577633008","9.3","6.306306306","4.745762712","6.256742179","4.479695431","4.923429226","4.446869458","7.512080449","0.81144773","2.265333173","4.066419648","2.762511352","3.514879242","3.590591391","2.754090201","2.241847104","2.534846871","4.673795957","2.756686477","2.939181359","4.02584625","2.187221208","1.301377058","1.274799694","0.706962879","0.97",
"Kuwait","KWT","Inflation, consumer prices (annual %)","FP.CPI.TOTL.ZG","9.833635315","9.058188362","-0.545471214","0.382541365","2.534435262","2.686727566","3.553985697","0.682191435","0.129658288","2.990810359","1.812946139","1.3","0.888450148","0.961350294","1.248564437","4.142975836","3.057013392","5.484949833","10.58270979","4.609595484","4.496402878","4.905335628","3.199343724","2.702702703","2.908900929","3.271702481","3.198404612",
"Latin America & Caribbean (excluding high income)","LAC","Inflation, consumer prices (annual %)","FP.CPI.TOTL.ZG","23.660865775","27.33839167","15.350644125","15.014175795","12.194783125","12.53595946","11.53794241","8.296567548","7.673228957","6.470541868","7.724135662","6.837830757","5.341015214","5.980978141","5.904678173","5.393231069","4.296333435","6.426279345","10.06624182","2.913358428","3.859509098","5.128923767","4.111508546","2.816502821","3.518478182","3.129002745","2.7731599925",
"Lao PDR","LAO","Inflation, consumer prices (annual %)","FP.CPI.TOTL.ZG","35.64298297","13.44155844","9.86452967","6.267222415","6.784480786","19.59391899","13.0244157","27.50886245","90.98073456","125.2721284","25.08464143","7.811807948","10.63134463","15.48935292","10.46226673","7.165417599","6.80218938","4.522297607","7.629305029","0.035294368","5.982348385","7.576924053","4.256942205","6.364939277","4.13522637","1.276227705","1.509359614",
"Lebanon","LBN","Inflation, consumer prices (annual %)","FP.CPI.TOTL.ZG","","","","","","","","","","","","","","","","","","","","1.187649453","3.989841464","4.918552036","6.636929495","5.543828737","0.749718611","-3.748891999","-0.814751744",
"Liberia","LBR","Inflation, consumer prices (annual %)","FP.CPI.TOTL.ZG","","","","","","","","","","","","","14.15964701","10.33028812","7.829087049","10.83435885","7.341446083","11.39070907","17.49021427","7.42755575","7.291036635","8.486600465","6.834768221","7.574897857","9.826358043","7.782652921","8.833967088",
"Libya","LBY","Inflation, consumer prices (annual %)","FP.CPI.TOTL.ZG","8.451462408","11.8960953","9.35975159","11.07355327","5.112598904","7.237984945","4.028077754","3.550295858","3.709273183","2.648622523","-2.9","-8.813937521","-9.797647059","-2.19115192","-2.197567741","2.650205761","1.459268762","6.25098783","10.3607289","2.459900256","2.799895001","15.51848153","6.059803922","2.605818027","","","",
"St. Lucia","LCA","Inflation, consumer prices (annual %)","FP.CPI.TOTL.ZG","4.267556629","6.149550531","5.138897799","0.848181596","2.815916652","5.629659215","0.92484261","-0.005520287","3.201943417","3.503797841","3.710786087","5.30722081","-0.255536627","1.034253724","1.460368144","3.910769658","2.338321753","3.072637855","7.175961687","-1.672072072","3.250344092","2.769407941","4.177635871","1.472018389","3.518478182","-0.984309204","-3.09324257",
"Latin America & Caribbean","LCN","Inflation, consumer prices (annual %)","FP.CPI.TOTL.ZG","21.96017512","22.66151183","12.0603236","10.74864672","8.814694018","10.564374215","8.5740175325","7.047338847","5.361476605","3.503797841","4.608229989","4.359340652","4.240266607","4.548137924","4.437380801","4.69927739","4.296333435","5.543753935","8.584013752","2.591946734","3.556123806","5.128923767","4.111508546","2.738631757","3.4040537115","2.5546807955","2.53701613",
"Least developed countries: UN classification","LDC","Inflation, consumer prices (annual %)","FP.CPI.TOTL.ZG","10","15.05013078","14.51237861","9.5248453705","24.57101373","15.448025835","9.330314585","7.960213978","8.031666655","6.106695898","3.9552617665","4.793181496","3.895705258","6.8971612425","4.63500759","7.564080617","7.0585362755","7.78675561","10.55993552","4.561581547","5.982348385","7.576924053","6.279665496","5.51827137","4.58525377","4.521708543","5.513525727",
"Low income","LIC","Inflation, consumer prices (annual %)","FP.CPI.TOTL.ZG","11.78448383","14.017611375","12.76077646","9.679346581","28.73577154","17.81145371","9.220466624","5.572257111","5.753314584","3.385424273","3.822600881","5.007432908","3.416581948","6.6232647945","4.454067129","7.8439317465","7.3260611095","7.46531608","10.46007314","4.6229851185","4.397413832","7.622822628","6.588359616","4.569440498","4.379840041","5.4851328835","5.7254587",
"Liechtenstein","LIE","Inflation, consumer prices (annual %)","FP.CPI.TOTL.ZG","","","","","","","","","","","","","","","","","","","","","","","","","","","",
"Sri Lanka","LKA","Inflation, consumer prices (annual %)","FP.CPI.TOTL.ZG","21.49525205","12.18563072","11.38343705","11.74673702","8.448712487","7.674848734","15.93583104","9.573696264","9.364243007","4.69170563","6.17627591","14.1584558","9.55103167","6.314637871","7.57592583","11.6396861","10.02018361","15.84211149","22.56449553","3.464963221","6.217648893","6.716768436","7.542913732","6.911546529","2.763286599","2.236852542","3.987896656",
"Lower middle income","LMC","Inflation, consumer prices (annual %)","FP.CPI.TOTL.ZG","10.65350579","13.22426577","10.09896715","10.36115574","10.48614004","10.22488756","10.03112033","7.960213978","9.357042177","6.097778266","4.366664513","4.793181496","3.86326682","5.140448251","5.339873524","6.7817360475","6.1932778345","7.6672067825","11.49210221","4.5873232585","5.9979786605","7.3332991135","5.1671516265","5.716927089","5.274150593","4.0322709665","3.5755222625",
"Low & middle income","LMY","Inflation, consumer prices (annual %)","FP.CPI.TOTL.ZG","11.78448383","13.87024609","10.75116037","10.911099995","22.414552585","12.53595946","9.794301896","7.2667651195","7.4697135005","5.213610586","4.4783322565","5.198885257","5.031956144","5.303566215","4.735801439","6.807382031","6.251724667","6.426279345","10.40242864","4.2347657415","4.509236918","6.270753408","5.086829568","4.492580767","3.7141832015","3.060357042","3.381885055",
"Lesotho","LSO","Inflation, consumer prices (annual %)","FP.CPI.TOTL.ZG","11.634757","17.67810026","17.20852018","13.13566077","8.214738622","9.270833333","9.330314585","","","","6.131975387","-9.616153539","33.81257834","6.629163571","5.023420686","3.437884231","6.072718797","8.01243669","10.71566613","7.379439352","3.597811021","5.024816566","6.1035928","4.928340711","5.340361677","3.175454594","6.609116058",
"Lithuania","LTU","Inflation, consumer prices (annual %)","FP.CPI.TOTL.ZG","","","","410.2409877","72.15013902","39.65679677","24.6181275","8.877890341","5.074934299","0.753709399","1.00678733","1.355134954","0.298342541","-1.145753002","1.181321743","2.643462936","3.745037021","5.730244104","10.92741147","4.451512479","1.319184445","4.130300688","3.089983269","1.047466621","0.103789914","-0.884108435","0.905521554",
"Luxembourg","LUX","Inflation, consumer prices (annual %)","FP.CPI.TOTL.ZG","3.701983124","3.11835932","3.154168788","3.57791984","2.20480898","1.915249471","1.393467621","1.367511396","0.958566261","1.004836897","3.147371816","2.667458005","2.074076174","2.049840427","2.22568082","2.489582068","2.675833333","2.303365771","3.400264976","0.369816243","2.273404833","3.409795876","2.664199548","1.734030794","0.629749069","0.474513795","0.299166667",
"Latvia","LVA","Inflation, consumer prices (annual %)","FP.CPI.TOTL.ZG","","","243.2668225","108.7677305","35.92509236","24.97943287","17.61127868","8.437832094","4.658303933","2.358842993","2.648592284","2.478667208","1.923076923","2.956623225","6.21575666","6.723585912","6.5","10.14084507","15.43052003","3.471196455","-1.070663812","4.401154401","2.211472011","0","0.60851927","0.201612903","0.134138162",
"Macao SAR, China","MAC","Inflation, consumer prices (annual %)","FP.CPI.TOTL.ZG","7.969693844","9.568877659","7.713921684","6.705885528","6.252068902","8.558666043","4.822486768","3.490937151","0.172630385","-3.199455412","-1.605719644","-1.989279333","-2.637335926","-1.560354513","0.985383478","4.390957879","5.156566443","5.57037037","8.602301431","1.175862515","2.809706258","5.801242236","6.105436186","5.510678322","6.04090194","4.559390763","2.374195989",
"St. Martin (French part)","MAF","Inflation, consumer prices (annual %)","FP.CPI.TOTL.ZG","","","","","","","","","","","","","","","","","","","","","","","","","","","",
"Morocco","MAR","Inflation, consumer prices (annual %)","FP.CPI.TOTL.ZG","6.782594015","7.986166008","5.740246629","5.18311396","5.14167153","6.123581648","2.986809228","1.038198951","2.753113308","0.684782609","1.894634568","0.619801875","2.795619669","1.167733675","1.493444034","0.98264166","3.28476167","2.042085127","3.707317073","0.994825964","0.987355331","0.92236032","1.278741213","1.88750188","0.435456491","1.557907113","1.635311143",
"Monaco","MCO","Inflation, consumer prices (annual %)","FP.CPI.TOTL.ZG","","","","","","","","","","","","","","","","","","","","","","","","","","","",
"Moldova","MDA","Inflation, consumer prices (annual %)","FP.CPI.TOTL.ZG","","","","","","29.7693456","23.51349947","11.89512677","7.786485812","39.17011663","31.14565136","9.636339318","5.253304088","11.62356125","12.47907405","11.76593047","12.87405593","12.13550114","12.89707603","-0.058686761","7.352251206","7.610607209","4.639518643","4.641790221","5.088785832","9.678609467","6.384098347",
"Madagascar","MDG","Inflation, consumer prices (annual %)","FP.CPI.TOTL.ZG","11.78448383","8.592647605","14.51237861","10.0083612","38.9417909","49.08021006","19.75635454","4.486382617","6.208016087","9.929533993","11.8596845","7.536284628","16.49852553","-1.704004796","13.9558018","18.36382465","10.76563716","10.28796632","9.296508394","8.954218024","9.247321736","9.482540486","5.713844342","5.826429445","6.080595483","7.404002032","6.654801865",
"Maldives","MDV","Inflation, consumer prices (annual %)","FP.CPI.TOTL.ZG","3.621169916","14.72983871","16.84790933","20.13370035","3.386100983","5.488861332","6.241245915","7.572834671","-1.404252338","2.953708361","-1.174756812","0.67257737","4.178672399","-1.260651135","-1.685412125","1.300275009","2.738421316","6.794773539","12.04145835","4.530176591","6.149885368","12.85292894","10.88469566","3.805516819","2.12011311","0.953206659","0.502509414",
"Middle East & North Africa","MEA","Inflation, consumer prices (annual %)","FP.CPI.TOTL.ZG","8.039568673","9.029094181","7.592048368","8.063528875","5.127135217","6.741067616","4.46630618","3.550295858","3.125365797","2.648622523","1.812946139","1.74665225","1.83299389","1.981967346","3.122262047","3.104966401","3.483406997","4.168713364","11.27066524","2.920897118","3.913043478","4.521764663","3.731209508","2.9171368725","2.651195499","1.696950405","2.738412087",
"Mexico","MEX","Inflation, consumer prices (annual %)","FP.CPI.TOTL.ZG","26.65264522","22.66151183","15.50854449","9.751530555","6.965778139","34.999275","34.37765819","20.62648433","15.92799503","16.58560509","9.495019139","6.362500348","5.031089531","4.548137924","4.688282872","3.988060736","3.629463226","3.966849629","5.124981692","5.297357127","4.156727837","3.407379617","4.111508546","3.806389823","4.018617202","2.720641263","2.821707752",
"Marshall Islands","MHL","Inflation, consumer prices (annual %)","FP.CPI.TOTL.ZG","","","","","","","","","","","","","","","","","","","","","","","","","","","",
"Middle income","MIC","Inflation, consumer prices (annual %)","FP.CPI.TOTL.ZG","11.906054605","13.87024609","10.14181756","11.20636865","13.395138845","12.21052632","9.79968339","7.572834671","7.99472875","5.6431964495","4.978962132","5.367423109","5.238335893","5.151901508","5.023420686","5.311513063","6.125","6.407448459","10.3607289","3.9449673565","4.5801998545","6.1602699825","4.5122146605","4.492580767","3.57312785","2.685982772","2.738412087",
"Macedonia, FYR","MKD","Inflation, consumer prices (annual %)","FP.CPI.TOTL.ZG","","","","","126.5833683","16.37358897","2.466600086","1.294364872","0.544199653","-1.279286576","6.60742291","5.198885257","2.314597941","0.855562123","-0.448650207","0.524014939","3.215060576","2.250848719","8.332196298","-0.738905915","1.508268832","3.905065084","3.317185846","2.785281789","-0.281705033","-0.299920476","-0.239290788",
"Mali","MLI","Inflation, consumer prices (annual %)","FP.CPI.TOTL.ZG","0.606339704","1.80042722","-6.242505995","-0.263767884","23.17679115","13.44176968","6.805459968","-0.362999796","4.03658946","-1.201903686","-0.677661659","5.187011919","5.032822757","-1.34672619","-3.099781281","6.397882939","1.543525969","1.412002017","9.170988137","2.463751886","1.108926907","2.855534106","5.42738719","-0.606221674","0.895009182","1.435735842","-1.800441907",
"Malta","MLT","Inflation, consumer prices (annual %)","FP.CPI.TOTL.ZG","2.983405861","2.542192848","1.633212099","4.144819542","4.129921816","4.426645503","2.054","3.11207792","2.385251354","2.134768888","2.369592875","2.929492443","2.188490481","1.303837774","2.790828481","3.007966525","2.773264171","1.251349406","4.256736946","2.085357332","1.516833766","2.721905169","2.417624644","1.374906203","0.311500058","1.099931591","0.577054664",
"Myanmar","MMR","Inflation, consumer prices (annual %)","FP.CPI.TOTL.ZG","17.62677503","32.27203829","21.9132104","31.83160687","24.09878608","25.1947124","16.27539664","29.69723258","51.48754975","18.40104337","-0.109165515","21.10130538","57.07451126","36.58971753","4.534213741","9.368618142","19.99648734","35.02459707","26.79953719","1.472343114","7.718381959","5.021460146","1.467583227","5.524279207","5.474464713","9.485472555","6.964739177",
"Middle East & North Africa (excluding high income)","MNA","Inflation, consumer prices (annual %)","FP.CPI.TOTL.ZG","12.321799984","14.51233162","12.32329924","12.656466395","11.741349218","11.861094153","6.844160862","3.652026207","3.872575464","2.690124858","2.683805353","2.126545269","2.7291356995","4.3359930875","3.7970401765","3.8004680265","5.371119091","4.436843025","12.31073676","2.920897118","3.989841464","4.918552036","6.089096416","4.041875769","2.891566265","1.4947592855","2.738412087",
"Montenegro","MNE","Inflation, consumer prices (annual %)","FP.CPI.TOTL.ZG","","","","","","","","","","","","","","","","","2.924512581","4.347122157","8.758727696","3.466723732","0.65494657","3.450143112","4.14524725","2.205892681","-0.710514052","1.548691582","-0.271385023",
"Mongolia","MNG","Inflation, consumer prices (annual %)","FP.CPI.TOTL.ZG","","","","268.1504889","87.58000933","0.043516101","46.88995215","36.55611489","9.357042177","7.564941503","11.59553876","6.277360205","0.917074687","5.128994994","8.241154494","12.71656741","5.095166617","9.045246163","25.05666447","6.279232928","10.14963142","9.484093293","14.98449058","8.604828111","13.02464811","5.77594951","0.554046135",
"Northern Mariana Islands","MNP","Inflation, consumer prices (annual %)","FP.CPI.TOTL.ZG","","","","","","","","","","","","","","","","","","","","","","","","","","","",
"Mozambique","MOZ","Inflation, consumer prices (annual %)","FP.CPI.TOTL.ZG","47.00520833","32.93323331","45.48532731","42.20002586","63.18337842","54.4340122","48.49135041","7.369276619","1.480359997","2.859510982","12.72360999","9.049967832","16.78138315","13.42632613","12.66349613","7.167769198","13.23866387","8.162567333","10.3277911","3.251692719","12.70123982","10.35113257","2.091276161","4.207963695","2.287040607","2.391863525","9.966216216",
"Mauritania","MRT","Inflation, consumer prices (annual %)","FP.CPI.TOTL.ZG","6.600225649","5.628666667","10.14181756","9.37034416","4.128258613","6.543790685","4.681306239","4.625346953","8.031666655","4.074176136","3.254067458","4.714896347","3.895705258","5.151901508","10.36762335","12.12564872","6.241033281","7.254108413","7.346635412","2.220920324","6.283540874","5.642433453","4.935879814","4.12964239","3.535218852","0.484554576","1.48600677",
"Mauritius","MUS","Inflation, consumer prices (annual %)","FP.CPI.TOTL.ZG","13.48808879","7.001013775","4.643519299","10.51783845","7.323471544","6.029331885","6.550973361","6.83334335","6.810793238","6.909146249","4.199288256","5.389344262","6.460504781","3.924265717","4.710370601","4.941599281","8.932648402","8.802724653","9.732723333","2.549811288","2.892968717","6.531353547","3.852160333","3.5433","3.217687673","1.286549708","1.023864511",
"Malawi","MWI","Inflation, consumer prices (annual %)","FP.CPI.TOTL.ZG","11.82353805","12.61531538","23.75135302","22.77271023","34.64963615","83.32577475","37.60204502","9.13735243","29.74865128","44.80416429","29.58148846","22.7","14.74463461","9.576797869","11.42980608","15.41034466","13.97429435","7.952209909","8.712601866","8.422044277","7.411590929","7.622822628","21.271265","27.28333333","23.79206495","21.86905014","21.70724298",
"Malaysia","MYS","Inflation, consumer prices (annual %)","FP.CPI.TOTL.ZG","2.617801047","4.358333333","4.7672283","3.536585366","3.724970554","3.450575096","3.488559459","2.662514597","5.270342003","2.744561302","1.534740237","1.416784732","1.807872463","0.992816208","1.518542199","2.960865088","3.609235642","2.027353178","5.440782211","0.583308406","1.710037175","3.2","1.647286822","2.097235462","3.174603175","2.081447964","2.127659574",
"North America","NAC","Inflation, consumer prices (annual %)","FP.CPI.TOTL.ZG","5.081322564","4.92509917","2.267332367","2.396512978","1.396360714","2.486824378","2.2508676625","1.979453159","1.274110778","1.961435074","3.048148614","2.6756456295","1.922213018","2.5143290935","2.267247706","2.8031494395","2.613984748","2.4955282375","3.1046854855","-0.0280397315","1.7084574915","3.034488329","1.792507748","1.201562277","1.764429442","0.6219342485","1.3451713765",
"Namibia","NAM","Inflation, consumer prices (annual %)","FP.CPI.TOTL.ZG","","","","","","","","","","","","","","7.136153115","4.136632131","2.28194607","4.961166893","6.547881411","9.094643072","9.451726515","4.874919876","5.005595181","6.721997773","5.600925023","5.350169669","3.405773308","6.711963782",
"New Caledonia","NCL","Inflation, consumer prices (annual %)","FP.CPI.TOTL.ZG","","","","","","","","","","","","","","","","","","","","","","","","","","","",
"Niger","NER","Inflation, consumer prices (annual %)","FP.CPI.TOTL.ZG","-0.775653011","-7.796641791","-4.475617902","-1.215034965","36.04105831","10.56328867","5.288857513","2.933452534","4.548015777","-2.302125038","2.900149736","4.005514284","2.628865979","-1.614407692","0.262543757","7.797497818","0.04048583","0.053959261","11.30510988","0.582906591","0.804073081","2.94238514","0.45508982","2.298521698","-0.92454472","1.006885086","0.170799497",
"Nigeria","NGA","Inflation, consumer prices (annual %)","FP.CPI.TOTL.ZG","7.364400306","13.0069731","44.58884272","57.16525283","57.03170891","72.8355023","29.26829268","8.529874214","9.996378124","6.618373395","6.933292156","18.87364621","12.8765792","14.03178361","14.99803382","17.86349337","8.239526517","5.382223652","11.57798352","11.53767275","13.72020184","10.84079259","12.21700718","8.475827285","8.057382626","9.017683791","15.69685447",
"Nicaragua","NIC","Inflation, consumer prices (annual %)","FP.CPI.TOTL.ZG","7485.492188","2945.092957","23.67371639","20.40065227","6.711705909","10.93554167","11.61887177","9.224712296","13.03844187","11.21673626","9.873","5.986041863","3.750174658","5.302387732","8.470210636","9.599099861","9.140199668","11.12693474","19.82620313","3.687001605","5.454855462","8.082672658","7.193613575","7.135380793","6.035791868","3.999101824","3.519937252",
"Netherlands","NLD","Inflation, consumer prices (annual %)","FP.CPI.TOTL.ZG","2.454088775","3.133333333","3.183581125","2.584181676","2.801526718","1.923219722","2.016666667","2.176171185","1.985462309","2.193026177","2.316666342","4.162336858","3.286685765","2.112538768","1.238349793","1.674081313","1.16765306","1.614180118","2.486550321","1.189904616","1.275552568","2.341070178","2.455547653","2.506898527","0.97603508","0.600248147","0.316666667",
"Norway","NOR","Inflation, consumer prices (annual %)","FP.CPI.TOTL.ZG","4.113033362","3.420682695","2.342116269","2.271488898","1.398554827","2.456405373","1.258694189","2.580741144","2.2556855","2.333138905","3.08606791","3.017377567","1.28814599","2.475397426","0.46539115","1.522058824","2.332150359","0.728997098","3.766160764","2.166847237","2.399257688","1.300970874","0.709219858","2.131709174","2.025096285","2.17364832","3.55",
"Nepal","NPL","Inflation, consumer prices (annual %)","FP.CPI.TOTL.ZG","8.239700375","15.55745293","17.14952362","7.505394191","8.349286729","7.622969507","9.220466624","4.009988605","11.24446778","7.45111261","2.478820207","2.688303735","3.029399487","5.707009319","2.841811312","6.836332659","6.920335807","5.745910312","9.878396059","11.07764508","9.324000504","9.271714177","9.454180743","9.042681456","8.36797877","7.868908957","8.79034332",
"Nauru","NRU","Inflation, consumer prices (annual %)","FP.CPI.TOTL.ZG","","","","","","","","","","","","","","","","","","","","","","","","","","","",
"New Zealand","NZL","Inflation, consumer prices (annual %)","FP.CPI.TOTL.ZG","6.10005319","2.598944591","1.015815867","1.285641548","1.681743029","3.755146714","2.285570765","1.18723143","1.242462113","0.278040771","3.006943697","2.509600993","2.660947121","1.123590179","2.290249093","3.037020739","3.365404493","2.37614328","3.958944282","2.115655853","2.302025783","4.432943294","0.883430295","1.302862025","0.906599199","0.334308399","1.082882132",
"OECD members","OED","Inflation, consumer prices (annual %)","FP.CPI.TOTL.ZG","6.49627263045795","5.87939192590348","4.02976278178839","4.08279430789131","2.80152671755694","3.75514671392087","2.61241970021413","2.16161230847483","1.96293969849278","2.18802719697377","3.08606790977934","3.01737756714058","2.4610748367655","2.11253876827642","2.22568082012607","2.431540998696","2.46256156403909","2.38805970149255","4.06595165679517","0.855920114122681","1.81353503144187","3.32987017363469","2.45554765291609","1.43472660240715","0.629749069217611","0.234429944519196","0.40104151078891",
"Oman","OMN","Inflation, consumer prices (annual %)","FP.CPI.TOTL.ZG","","","","","","","","","","","","-0.816666667","-0.285666275","0.18537243","0.756938604","1.861435726","3.204130132","5.95521677","12.09082734","3.9351759","3.203396372","4.070057342","2.910702521","1.245416982","1.014014839","0.065290133","1.101052116",
"Pakistan","PAK","Inflation, consumer prices (annual %)","FP.CPI.TOTL.ZG","9.052131553","11.79127034","9.509041462","9.97366476","12.36819439","12.34357852","10.37380859","11.37549289","6.228004154","4.142637181","4.366664513","3.148261446","3.290344726","2.914134701","7.444624693","9.06332737","7.921084401","7.598684411","20.28612109","13.64776506","13.88113926","11.91676947","9.68505341","7.689503655","7.191671165","2.539515909","3.752595854",
"Panama","PAN","Inflation, consumer prices (annual %)","FP.CPI.TOTL.ZG","0.769485355","1.256260777","1.82452157","0.453930079","1.268431901","0.994206983","1.255716611","1.324351221","0.559081293","1.247182569","1.498961116","0.307062436","1.005830904","0.391666667","0.182618079","3.181705195","2.095880511","4.168633003","8.758683177","2.409053041","3.491288726","5.875802437","5.698199592","4.027159916","2.637829357","0.125526143","0.746026597",
"Peru","PER","Inflation, consumer prices (annual %)","FP.CPI.TOTL.ZG","7481.663611","409.5301666","73.52829424","48.57998645","23.73690506","11.12870297","11.53794241","8.56218949","7.247821752","3.469659963","3.757338333","1.977098785","0.193135004","2.259377534","3.662473201","1.616301939","2.002258012","1.779986447","5.785875982","2.936231536","1.528320597","3.370685025","3.653732359","2.816502821","3.226046789","3.555396247","3.595722243",
"Philippines","PHL","Inflation, consumer prices (annual %)","FP.CPI.TOTL.ZG","12.17735221","19.26145853","8.651003579","6.716311041","10.38647343","6.83199611","7.476103778","5.590259397","9.234934323","5.939049018","3.977125032","5.345501956","2.722772277","2.289156627","4.829210836","6.516853933","5.485232068","2.9","8.260447036","4.219030521","3.789836348","4.647302905","3.172085646","2.997694081","4.104477612","1.433691756","1.766784452",
"Palau","PLW","Inflation, consumer prices (annual %)","FP.CPI.TOTL.ZG","","","","","","","","","","","","","","","","","","","","","","","","","","","",
"Papua New Guinea","PNG","Inflation, consumer prices (annual %)","FP.CPI.TOTL.ZG","6.953361599","6.965681278","4.30961457","4.974114303","2.852722174","17.28093268","11.62417829","3.964378052","13.57419177","14.93218174","15.59589331","9.298173328","11.7994471","14.70907797","2.158931313","1.780804399","2.368462384","0.911350456","10.76141823","6.918325326","6.013608936","4.44083401","4.537205082","4.96031746","5.207939509","6.010241667","6.673728814",
"Poland","POL","Inflation, consumer prices (annual %)","FP.CPI.TOTL.ZG","555.3811506","76.70621911","45.32920372","36.86580503","33.25212849","28.07169648","19.81722123","15.08161686","11.72515369","7.275","10.05981512","5.491247883","1.90017396","0.787918582","3.576547231","2.107050758","1.114943945","2.388059701","4.349378235","3.825977877","2.707452359","4.258333333","3.556869954","1.034269836","0.106951872","-0.991300366","-0.609676201",
"Puerto Rico","PRI","Inflation, consumer prices (annual %)","FP.CPI.TOTL.ZG","","","","","","","","","","","","","","","","","","","","","","","","","","","",
"Korea, Dem. People’s Rep.","PRK","Inflation, consumer prices (annual %)","FP.CPI.TOTL.ZG","","","","","","","","","","","","","","","","","","","","","","","","","","","",
"Portugal","PRT","Inflation, consumer prices (annual %)","FP.CPI.TOTL.ZG","13.3724586","10.92623405","8.941666667","6.501950585","5.21439345","4.123148338","3.120697568","2.161612308","2.716440297","2.303885779","2.846721116","4.394757132","3.545051699","3.283333333","2.355978699","2.293867255","2.743315096","2.805070127","2.590407797","-0.835530022","1.402572899","3.653011004","2.773338541","0.274416667","-0.278153367","0.487938624","0.607397075",
"Paraguay","PRY","Inflation, consumer prices (annual %)","FP.CPI.TOTL.ZG","37.25995618","24.22535211","15.19274376","18.20866142","20.56619484","13.42541436","9.79968339","6.949566085","11.55326844","6.752265861","8.982159768","7.268060286","10.51024209","14.23679705","4.32326493","6.807382031","9.591308846","8.128776435","10.15454466","2.591946734","4.651162791","8.253968254","3.67591898","2.683857387","5.028827675","3.129002745","4.086822806",
"West Bank and Gaza","PSE","Inflation, consumer prices (annual %)","FP.CPI.TOTL.ZG","","","","","","","","7.087005912","5.579645058","5.544391804","2.798198924","1.222784759","5.70951586","4.403032217","3.004174986","4.107250707","3.842341256","1.859743794","9.889997887","2.753934851","3.749157276","2.877243585","2.779087683","1.724399336","1.7329851","1.431611458","-0.219106608",
"French Polynesia","PYF","Inflation, consumer prices (annual %)","FP.CPI.TOTL.ZG","","","","","","","","","","","","","","","","","","","","","","","","","","","",
"Qatar","QAT","Inflation, consumer prices (annual %)","FP.CPI.TOTL.ZG","3.000968054","4.417293233","3.060306031","-0.873362445","1.321585903","2.956521739","4.904534606","4.834489819","2.951388889","2.181703204","1.650335224","1.471334348","0.24","2.264565044","6.79933665","8.814395323","11.83580962","13.75816258","15.05014516","-4.863278016","-2.425256752","1.916389889","1.866585067","3.131571042","3.082474313","1.883589329","2.875505832",
"Romania","ROU","Inflation, consumer prices (annual %)","FP.CPI.TOTL.ZG","","230.62249","211.2055876","255.1668618","136.7593928","32.24248473","38.82930134","154.7634804","59.09658275","45.80378113","45.66659404","34.46776732","22.53721","15.27397114","11.87686787","8.9890568","6.584588413","4.835779384","7.848325144","5.587663497","6.094215787","5.78777738","3.333800252","3.985359902","1.068961022","-0.593318715","-1.538403049",
"Russian Federation","RUS","Inflation, consumer prices (annual %)","FP.CPI.TOTL.ZG","","","","874.6218469","307.6344092","197.4713847","47.74166667","14.76676632","27.6748415","85.74178151","20.77634088","21.45786502","15.7920011","13.67972036","10.86095476","12.6833396","9.687108886","8.991328161","14.11222781","11.66055046","6.852353956","8.435217224","5.086829568","6.74173735","7.829839704","15.52633251","7.049766291",
"Rwanda","RWA","Inflation, consumer prices (annual %)","FP.CPI.TOTL.ZG","4.185763726","19.63716581","9.560411876","12.35438876","","","7.411371735","12.01542252","6.210067095","-2.405932097","3.899529803","3.342855067","1.992585425","7.44970014","12.25071029","9.014089181","8.882826548","9.080722059","15.44493118","10.3941857","2.309146191","5.670682731","6.27090301","4.234780151","1.784100412","2.518087704","5.7254587",
"South Asia","SAS","Inflation, consumer prices (annual %)","FP.CPI.TOTL.ZG","8.971233545","12.28070175","11.78781925","9.97366476","8.349286729","9.495625322","8.977149075","7.16425362","9.364243007","4.69170563","4.009433962","3.148261446","3.332564933","3.805865922","3.76723848","6.9414754105","6.842798489","7.196728975","10.9599272045","4.9768244765","7.5815297765","9.7366871585","9.383313174","7.592144695","6.820332739","3.530612226","4.1826746595",
"Saudi Arabia","SAU","Inflation, consumer prices (annual %)","FP.CPI.TOTL.ZG","2.077151335","4.861111111","-0.077006006","1.055795314","0.564325479","4.868431031","1.222069564","0.057151022","-0.356989861","-1.347894384","-1.125","-1.112515803","0.230120174","0.586734694","0.329698199","0.699359623","2.207346666","4.168713364","9.868751965","5.066632331","5.343137255","5.823591056","2.885962454","3.506263617","2.670525554","2.184637068","3.523510972",
"Sudan","SDN","Inflation, consumer prices (annual %)","FP.CPI.TOTL.ZG","65.158098","123.5781269","117.6244689","101.3804238","115.3981443","68.37519295","132.8237774","46.65032277","17.10505647","15.99474583","8.033055445","4.871466645","8.33381706","7.710690832","8.418006386","8.516734349","7.196736744","7.976023489","14.30651248","11.24854637","13.24539414","22.11212074","37.39336493","29.95860642","36.90776377","16.91179225","17.75032648",
"Senegal","SEN","Inflation, consumer prices (annual %)","FP.CPI.TOTL.ZG","0.32509863","-1.753556902","-0.109942967","-0.586434615","32.29366686","7.864007846","2.754306635","1.753164781","1.156780704","0.827250608","0.731981982","3.074343208","2.231174465","-0.030312216","0.507883566","1.704502602","2.113459399","5.853304285","5.769758507","-2.248021479","1.228681197","3.403228298","1.421378457","0.698626837","-1.079744817","0.14510746","0.834768889",
"Singapore","SGP","Inflation, consumer prices (annual %)","FP.CPI.TOTL.ZG","3.460753387","3.425701731","2.263071187","2.289299644","3.100132626","1.720533848","1.383180525","2.003586185","-0.267502293","0.016709834","1.361623924","0.997197956","-0.391676867","0.5079053","1.662727199","0.425106277","1.020916335","2.095144195","6.518590053","0.60362173","2.8","5.252918288","4.528650647","2.378490176","1.01010101","-0.5","-0.502512563",
"Solomon Islands","SLB","Inflation, consumer prices (annual %)","FP.CPI.TOTL.ZG","8.737592618","15.05013078","10.75116037","9.168662333","13.25603259","9.629219701","11.77435639","8.084001355","12.39950381","8.020368393","7.88956187","6.925837321","10.92963419","8.269463493","6.985842027","7.330663416","11.21998702","7.666020135","17.3200652","7.092717169","1.051481633","7.34270706","5.912006025","5.391363886","5.165902379","-0.558559364","",
"Sierra Leone","SLE","Inflation, consumer prices (annual %)","FP.CPI.TOTL.ZG","110.9457607","102.6945455","65.50018409","22.2094246","24.20415371","25.98074451","23.13702299","14.949538","35.532514","34.08353288","-0.836419038","2.090235066","-3.285945729","7.599512504","14.18840934","12.05087483","9.539384388","11.65614168","-35.83667636","9.252279781","16.63522383","6.788194444","6.588359616","5.51827137","4.645462047","6.693679279","10.88328586",
"El Salvador","SLV","Inflation, consumer prices (annual %)","FP.CPI.TOTL.ZG","23.99916511","14.40267488","11.21448138","18.50668833","10.58580665","10.02965645","9.788920402","4.490136279","2.547059776","0.51482713","2.271287568","3.750820575","1.865525036","2.120390917","4.451943924","4.690948709","4.037123594","4.578085724","6.707922935","1.055950297","0.907806937","5.128923767","1.729577995","0.792509315","1.105775113","-0.73063367","0.603938659",
"San Marino","SMR","Inflation, consumer prices (annual %)","FP.CPI.TOTL.ZG","","","","","","","","","","","","","","","1.430838685","1.685488905","2.095259356","2.498945757","4.293202493","2.19959237","2.585418156","2.007876707","2.827332242","1.604392981","1.113017052","0.145632572","0.57394802",
"Somalia","SOM","Inflation, consumer prices (annual %)","FP.CPI.TOTL.ZG","","","","","","","","","","","","","","","","","","","","","","","","","","","",
"Serbia","SRB","Inflation, consumer prices (annual %)","FP.CPI.TOTL.ZG","","","","","","82.66051519","95.60092612","23.30786614","30.1596998","42.45390546","71.12062879","95.00522581","19.49083216","9.876178897","11.02636272","16.11998065","11.724023","6.391706444","12.41098678","8.116950922","6.142553602","11.13739763","7.330385896","7.694263629","2.082447939","1.39235822","1.122313974",
"Sub-Saharan Africa (excluding high income)","SSA","Inflation, consumer prices (annual %)","FP.CPI.TOTL.ZG","11.39634612","10.6579617465","10.09896715","9.717446554","27.44798071","13.868419385","7.411371735","8.209923262","6.6919175825","4.356433745","4.5007885625","5.147468002","5.1123208545","7.136153115","4.474992891","7.482633508","6.946000701","7.08970914","10.3277911","7.254719676","4.257415985","5.670682731","6.27090301","4.904100845","4.3914879905","4.09196825","5.631971937",
"South Sudan","SSD","Inflation, consumer prices (annual %)","FP.CPI.TOTL.ZG","","","","","","","","","","","","","","","","","","","","5.006273615","1.169621803","47.30607566","45.07723146","-0.039326314","3.259073527","50.15059835","380.7769037",
"Sub-Saharan Africa","SSF","Inflation, consumer prices (annual %)","FP.CPI.TOTL.ZG","11.024925955","9.550907413","10.05611674","9.6983965675","26.08157199","13.44176968","7.3827488205","8.169021441","6.661398657","4.7689622315","4.802288869","5.1672399605","5.032822757","6.882658343","4.347340381","7.167769198","6.695264658","7.080998472","10.39393212","7.379439352","4.116984435","5.656558092","6.423401359","4.621519664","4.379840041","4.041590498","5.538485174",
"Sao Tome and Principe","STP","Inflation, consumer prices (annual %)","FP.CPI.TOTL.ZG","","","","","","","","35.81717824","50.49313575","12.72517701","12.20894563","9.222037076","10.12872467","9.792419749","13.28588609","17.15220494","23.07703735","18.54851363","31.99010395","16.9574758","13.34005235","14.32090217","10.63793534","8.105832709","6.99849944","5.245732849","5.431253321",
"Suriname","SUR","Inflation, consumer prices (annual %)","FP.CPI.TOTL.ZG","21.73994434","25.96746251","43.66617839","143.5115585","368.4780687","235.5588151","-0.701887251","7.145111609","18.9753692","98.77309141","59.40168655","38.58628789","15.52739892","23.00223218","9.98632512","9.898004896","11.28130433","6.426279345","14.66714274","-0.162987837","6.944787295","17.71177964","5.006863194","1.91719888","3.389745726","6.893897277","52.33561798",
"Slovak Republic","SVK","Inflation, consumer prices (annual %)","FP.CPI.TOTL.ZG","","","","","13.41013348","9.887168882","5.809254954","6.109533469","6.698271907","10.57044575","12.03577678","7.329630915","3.32331065","8.554143054","7.548500882","2.709084946","4.483331204","2.756723716","4.598179763","1.615104641","0.957018133","3.919285991","3.606102635","1.40047369","-0.07616533","-0.325219777","-0.520010196",
"Slovenia","SVN","Inflation, consumer prices (annual %)","FP.CPI.TOTL.ZG","","","","32.85833333","20.99353948","13.46293416","9.792284866","8.361769724","7.913346816","6.14945348","8.878803678","8.422484628","7.470087529","5.578801861","3.589026796","2.477454396","2.462561564","3.611165333","5.65184627","0.855920114","1.840965347","1.810579921","2.598297643","1.760351239","0.200074858","-0.518126124","-0.056665722",
"Sweden","SWE","Inflation, consumer prices (annual %)","FP.CPI.TOTL.ZG","10.46964998","9.337023222","2.281647775","4.647993401","2.200212482","2.52841957","0.470973017","0.517594974","-0.136019172","0.454014788","1.037254649","2.405958341","2.158482136","1.925655349","0.373659829","0.453170853","1.360214686","2.212168834","3.437049106","-0.494460544","1.157988027","2.961150738","0.888377507","-0.04429297","-0.179638494","-0.046784745","0.984269245",
"Eswatini","SWZ","Inflation, consumer prices (annual %)","FP.CPI.TOTL.ZG","13.09228991","8.934306569","7.558295363","12.02342387","13.76932488","12.28859126","6.425213303","7.125327225","8.109965636","6.088860634","12.20853585","5.942109823","12.01971547","7.29","3.445335073","4.774004046","5.304639463","8.076088279","12.65746019","7.448234234","4.509236918","6.105198202","8.939609185","5.619599417","5.685266864","4.954437553","7.84641182",
"Sint Maarten (Dutch part)","SXM","Inflation, consumer prices (annual %)","FP.CPI.TOTL.ZG","","","","","","","","","","","","","","","","","","","","","","","","","","","",
"Seychelles","SYC","Inflation, consumer prices (annual %)","FP.CPI.TOTL.ZG","3.888888889","1.986754967","3.246753247","1.383647799","1.736972705","-0.243902439","-1.100244499","0.618046972","2.57985258","6.347305389","6.268768769","5.969622042","0.175","3.302553864","3.857303914","0.907187718","-0.353465499","5.320600273","36.96475829","31.75444077","-2.404638751","2.559267722","7.110370623","4.338938483","1.385834546","4.041590498","-1.015546276",
"Syrian Arab Republic","SYR","Inflation, consumer prices (annual %)","FP.CPI.TOTL.ZG","19.39686722","9","11.00917431","13.2231405","15.32846715","7.979957806","8.249890099","1.886111362","-0.797165633","-3.703703704","-3.846153846","3","-0.130505282","5.796829449","4.433141367","7.240349393","10.02411054","3.907709504","15.74532522","2.920897118","4.397413832","4.753163889","36.70229534","","","","",
"Turks and Caicos Islands","TCA","Inflation, consumer prices (annual %)","FP.CPI.TOTL.ZG","","","","","","","","","","","","","","","","","","","","","","","","","","","",
"Chad","TCD","Inflation, consumer prices (annual %)","FP.CPI.TOTL.ZG","-0.738282265","3.19387473","-3.113030672","-8.427933487","41.72489724","9.230325998","11.33087891","5.572257111","4.258851102","-8.025059627","3.822600881","12.43128653","5.191818952","-1.752569412","-5.355400289","7.890365675","8.03628898","-8.97473962","10.29697582","9.952422907","-2.077865746","-3.704295704","14.01820542","0.145451048","1.680835875","3.669900434","",
"Togo","TGO","Inflation, consumer prices (annual %)","FP.CPI.TOTL.ZG","1.015341505","0.387081798","1.393786637","-1.006881689","39.16276738","16.43350345","4.6875","8.250825083","0.973332278","-0.070532915","1.890047839","3.910098522","3.074074074","-0.96298958","0.391843843","6.80159017","2.226583649","0.959947037","8.681967213","3.313390805","1.834169331","3.572277228","2.630773937","1.766766021","0.186716067","1.789864499","0.854424699",
"Thailand","THA","Inflation, consumer prices (annual %)","FP.CPI.TOTL.ZG","5.863994744","5.709852599","4.139145751","3.312191684","5.047748977","5.818181818","5.805105547","5.625797471","7.99472875","0.284726459","1.591969175","1.626908873","0.697308977","1.804349946","2.759149262","4.540369196","4.63747436","2.241540953","5.468489496","-0.845716092","3.247588424","3.809820409","3.02","2.18496066","1.895890134","-0.900164342","0.188334903",
"Tajikistan","TJK","Inflation, consumer prices (annual %)","FP.CPI.TOTL.ZG","","","","","","","","","","","","38.59188945","12.24998478","16.30349121","7.141965084","7.091932443","10.01086519","13.14912471","20.47052191","6.448234811","6.419565094","12.43154904","5.83116601","5.009646453","6.104427651","5.714559496","6.004580823",
"Turkmenistan","TKM","Inflation, consumer prices (annual %)","FP.CPI.TOTL.ZG","","","","","","","","","","","","","","","","","","","","","","","","","","","",
"Timor-Leste","TLS","Inflation, consumer prices (annual %)","FP.CPI.TOTL.ZG","","","","","","","","","","","","","","7.165158914","3.23751394","1.111674004","3.936162599","10.30090202","9.064236219","0.669681186","6.765976802","13.49984024","11.80030967","11.15662246","0.443548387","0.63428342","-1.220679751",
"Tonga","TON","Inflation, consumer prices (annual %)","FP.CPI.TOTL.ZG","9.709863846","10.5954494","7.936980122","0.96090446","1.012952067","1.460006304","2.99528024","2.124731324","3.274445543","4.464354677","6.327635514","8.290283189","10.35906079","11.63862196","10.97340537","8.665692211","6.149116065","5.842248749","10.44698751","1.426859721","3.534912023","6.270753408","1.147538537","0.775629322","2.510876333","-1.05399832","2.579997777",
"Trinidad and Tobago","TTO","Inflation, consumer prices (annual %)","FP.CPI.TOTL.ZG","11.06442577","3.783102144","6.439854192","10.83523592","8.814694018","5.182205395","3.404574428","3.626078758","5.612709077","3.439135909","3.555413197","5.536653263","4.139395011","3.813487345","3.722490387","6.885944155","8.316729393","7.889358223","12.0484971","6.971370604","10.54738949","5.099366154","9.268580239","5.199817405","5.684418146","4.658171173","3.060468943",
"Tunisia","TUN","Inflation, consumer prices (annual %)","FP.CPI.TOTL.ZG","6.545293073","8.193715095","5.824345146","3.974956319","4.73323064","6.244150287","3.725144727","3.652026207","3.125365797","2.690124858","2.962307947","1.983333333","2.721032849","2.712592475","3.63228005","2.017786414","4.490513515","3.416546647","4.920696325","3.524813804","4.416268965","3.544029353","5.138117098","5.798544619","4.937735303","4.857182282","3.711014607",
"Turkey","TUR","Inflation, consumer prices (annual %)","FP.CPI.TOTL.ZG","60.31270205","65.96942143","70.07279114","66.09708259","106.2627286","88.10770257","80.34690278","85.7332416","84.6413357","64.8674792","54.91538241","54.40018404","44.96412355","25.29636788","10.58423624","10.13840492","9.597242123","8.75618091","10.44412838","6.250976631","8.566444206","6.471879671","8.891569965","7.493090305","8.854572714","7.670853648","7.775134153",
"Tuvalu","TUV","Inflation, consumer prices (annual %)","FP.CPI.TOTL.ZG","","","","","","","","","","","","","","","","","","","","","","","","","","","",
"Tanzania","TZA","Inflation, consumer prices (annual %)","FP.CPI.TOTL.ZG","35.82677165","28.69565217","21.84684685","25.27726433","34.08336407","27.42778542","20.97725964","16.09065493","12.79975405","7.890433361","5.923961096","5.147468002","5.317833661","5.303566215","4.735801439","5.034570093","7.250972621","7.02551437","10.27839376","12.14222787","6.200155956","12.69096947","16.00109385","7.870723646","6.13161433","5.587837361","5.170320175",
"Uganda","UGA","Inflation, consumer prices (annual %)","FP.CPI.TOTL.ZG","33.11865022","28.0681431","52.44226881","1.163982625","10.03675988","6.55014019","7.191646604","8.169021441","0.068804172","5.777368987","3.392021585","1.865125241","-0.287508512","8.680476516","3.72128744","8.448726423","7.310676136","6.138510833","12.05085555","13.01725619","3.976552885","18.69290448","12.67970067","4.904100845","3.076285108","5.416061599","5.464428082",
"Ukraine","UKR","Inflation, consumer prices (annual %)","FP.CPI.TOTL.ZG","","","","4734.914347","891.1877481","376.7461748","80.32550146","15.94059941","10.57716115","22.68367181","28.20309724","11.95880854","0.757420846","5.179677819","9.048067861","13.56957649","9.056316591","12.84019539","25.23191095","15.89456869","9.378589479","7.960094513","0.555555556","-0.276243094","12.18836565","48.72427984","13.89503782",
"Upper middle income","UMC","Inflation, consumer prices (annual %)","FP.CPI.TOTL.ZG","14.32098765","15.33477322","13.87470208","14.33080334","22.706456455","14.899501665","9.056265271","7.35897314","6.8456730255","4.661160459","5.6582653155","6.032200491","6.093524935","5.603476754","4.710370601","4.540369196","4.641624894","5.577063932","9.732723333","3.075463644","3.886276288","5.1018690545","3.8173302865","2.8628408215","2.980988073","1.548691582","2",
"Uruguay","URY","Inflation, consumer prices (annual %)","FP.CPI.TOTL.ZG","112.5259056","101.9716832","68.45919384","54.10079244","44.73604215","42.2483198","28.3420486","19.81880932","10.81107031","5.658688039","4.763824727","4.359340652","13.97247259","19.37973017","9.157605075","4.69927739","6.398903436","8.114214042","7.860951729","7.099167396","6.676386868","8.093775202","8.097765806","8.57513504","8.877353332","8.666269871","9.639413476",
"United States","USA","Inflation, consumer prices (annual %)","FP.CPI.TOTL.ZG","5.39795644","4.234963965","3.028819678","2.951656966","2.607441592","2.805419689","2.9312042","2.337689937","1.552279099","2.188027197","3.376857271","2.826171119","1.586031627","2.270094973","2.677236693","3.392746845","3.225944101","2.852672482","3.839100297","-0.355546266","1.640043442","3.156841569","2.069337265","1.464832656","1.622222977","0.118627136","1.261583206",
"Uzbekistan","UZB","Inflation, consumer prices (annual %)","FP.CPI.TOTL.ZG","","","","","","","","","","","","","","","","","","","","","","","","","","","",
"St. Vincent and the Grenadines","VCT","Inflation, consumer prices (annual %)","FP.CPI.TOTL.ZG","7.606099577","5.49200387","3.463530427","4.291375534","1.008949553","1.738372899","4.407901138","0.44361603","2.142406473","1.013550444","0.167679637","0.900858486","1.85550399","0.205981709","2.960039467","3.733429165","3.04861619","6.915692354","10.06624182","0.421539126","1.480573011","3.186031116","2.598444141","0.805127804","0.193858561","-1.73361195","-0.149641648",
"Venezuela, RB","VEN","Inflation, consumer prices (annual %)","FP.CPI.TOTL.ZG","40.65575208","34.20540069","31.42263349","38.12161529","60.82101008","59.91910402","99.87714224","50.03906989","35.78201528","23.56989035","16.20480731","12.53472371","22.43278141","31.089674","21.7476693","15.95463087","13.66264564","18.69864535","31.44059869","27.08094145","28.18746471","26.09021232","21.06899563","40.63942752","62.16864998","121.7380853","254.9485348",
"British Virgin Islands","VGB","Inflation, consumer prices (annual %)","FP.CPI.TOTL.ZG","","","","","","","","","","","","","","","","","","","","","","","","","","","",
"Virgin Islands (U.S.)","VIR","Inflation, consumer prices (annual %)","FP.CPI.TOTL.ZG","","","","","","","","","","","","","","","","","","","","","","","","","","","",
"Vietnam","VNM","Inflation, consumer prices (annual %)","FP.CPI.TOTL.ZG","","","","","","","5.675","3.209526063","7.266198044","4.117102358","-1.710337279","-0.431544512","3.830828382","3.219889953","7.759131293","8.281421766","7.385786802","8.30378949","23.11631629","7.054558499","8.861600361","18.67747712","9.094216079","6.592255898","4.085899941","0.878603714","3.243832858",
"Vanuatu","VUT","Inflation, consumer prices (annual %)","FP.CPI.TOTL.ZG","4.759441283","6.469135802","4.058441558","3.56585692","2.302560792","2.229701304","0.906344411","2.830702232","3.282159873","1.998974885","2.462311558","3.653751839","1.963567542","3.016241299","1.418918919","1.199200533","2.040816327","3.956989247","4.827285892","4.250500962","2.809293259","0.862682908","1.363636364","1.446143318","0.798863838","2.465656921","0.859401856",
"World","WLD","Inflation, consumer prices (annual %)","FP.CPI.TOTL.ZG","8.514547708","9.318511611","7.825450903","8.016635574","10.29898688","9.270833333","6.9500859705","5.608028434","5.190293068","3.2604304095","3.555413197","3.984295478","3.075669463","3.29680747","3.6114357205","4.1665892205","4.456623037","5.109889614","8.953842771","2.917127773","3.491288726","4.977614784","3.78250024","2.693280045","2.510876333","1.528529152","1.6648249745",
"Samoa","WSM","Inflation, consumer prices (annual %)","FP.CPI.TOTL.ZG","15.23846327","-1.819197988","9.031137929","1.715091237","12.08038189","-2.903528657","5.37461972","6.861823553","2.218834688","0.265120133","0.96678235","3.838284639","8.050314465","0.115830116","16.31315079","1.856763926","3.700086806","5.577063932","11.56590684","6.324953362","0.777007269","5.198142928","2.049018835","0.610085721","-0.406816088","0.716747589","1.30385728",
"Kosovo","XKX","Inflation, consumer prices (annual %)","FP.CPI.TOTL.ZG","","","","","","","","","","","","","","-1.084812623","-1.064726966","-1.385189132","0.637493247","4.337556367","9.343486314","-2.418595897","3.500819751","7.323891167","2.49175204","1.761965269","0.424540082","-0.538793103","0.300025002",
"Yemen, Rep.","YEM","Inflation, consumer prices (annual %)","FP.CPI.TOTL.ZG","","36","29.41176471","35.75229802","49.39415538","55.08110687","30.73373327","2.176726674","5.976508521","8.660219494","4.59","11.91159129","12.23853394","10.8323607","12.51509515","11.81126394","10.84479869","7.90511779","18.97625743","5.407760981","11.17483386","19.54356171","9.885387145","10.96844215","8.104725836","","",
"South Africa","ZAF","Inflation, consumer prices (annual %)","FP.CPI.TOTL.ZG","14.32098765","15.33477322","13.87470208","9.717446554","8.938547486","8.680425266","7.354125906","8.597770154","6.880552813","5.181490718","5.338953284","5.701900634","9.164037855","5.858979916","1.385381833","3.399299946","4.641624894","7.098419808","11.53645077","7.13","4.257415985","5.000472634","5.653583003","5.751533742","6.067198453","4.588271042","6.3262638",
"Zambia","ZMB","Inflation, consumer prices (annual %)","FP.CPI.TOTL.ZG","107.0238095","97.64232317","165.706527","183.3120415","54.60132184","34.92958742","43.073098","24.41872157","24.45845635","26.78769668","26.03041179","21.39378218","22.23334464","21.40157839","17.96778911","18.3244397","9.019572472","10.6573496","12.44557935","13.39525463","8.501761334","6.429396811","6.575899708","6.977676055","7.806875536","10.11059289","17.86996005",
"Zimbabwe","ZWE","Inflation, consumer prices (annual %)","FP.CPI.TOTL.ZG","17.36273675","23.34166667","42.06472536","27.5883388","22.26405248","22.59382336","21.43390033","18.73604882","31.81959296","58.51967185","55.86645207","76.70726541","140.0599968","431.699821","282.3802174","302.1169963","1096.677633","24411.03081","","","3.034478884","3.277509412","3.922235339","1.631622019","-0.217286171","-2.398709959","-1.55978908",
